  win_api.h
  Main.cpp
C:\Users\zhangpeng\Desktop\January\Project1215YD\Project1215YD\source\RangePro.c(12,5): warning C4305: “初始化”: 从“double”到“const float”截断
  (编译源文件“Main.cpp”)
  
C:\Users\zhangpeng\Desktop\January\Project1215YD\Project1215YD\source\RangePro.c(12,15): warning C4305: “初始化”: 从“double”到“const float”截断
  (编译源文件“Main.cpp”)
  
C:\Users\zhangpeng\Desktop\January\Project1215YD\Project1215YD\source\RangePro.c(12,25): warning C4305: “初始化”: 从“double”到“const float”截断
  (编译源文件“Main.cpp”)
  
C:\Users\zhangpeng\Desktop\January\Project1215YD\Project1215YD\source\RangePro.c(12,35): warning C4305: “初始化”: 从“double”到“const float”截断
  (编译源文件“Main.cpp”)
  
C:\Users\zhangpeng\Desktop\January\Project1215YD\Project1215YD\source\RangePro.c(12,45): warning C4305: “初始化”: 从“double”到“const float”截断
  (编译源文件“Main.cpp”)
  
C:\Users\zhangpeng\Desktop\January\Project1215YD\Project1215YD\source\RangePro.c(12,55): warning C4305: “初始化”: 从“double”到“const float”截断
  (编译源文件“Main.cpp”)
  
C:\Users\zhangpeng\Desktop\January\Project1215YD\Project1215YD\source\RangePro.c(12,65): warning C4305: “初始化”: 从“double”到“const float”截断
  (编译源文件“Main.cpp”)
  
C:\Users\zhangpeng\Desktop\January\Project1215YD\Project1215YD\source\RangePro.c(12,75): warning C4305: “初始化”: 从“double”到“const float”截断
  (编译源文件“Main.cpp”)
  
C:\Users\zhangpeng\Desktop\January\Project1215YD\Project1215YD\source\RangePro.c(12,85): warning C4305: “初始化”: 从“double”到“const float”截断
  (编译源文件“Main.cpp”)
  
C:\Users\zhangpeng\Desktop\January\Project1215YD\Project1215YD\source\RangePro.c(12,95): warning C4305: “初始化”: 从“double”到“const float”截断
  (编译源文件“Main.cpp”)
  
C:\Users\zhangpeng\Desktop\January\Project1215YD\Project1215YD\source\RangePro.c(12,105): warning C4305: “初始化”: 从“double”到“const float”截断
  (编译源文件“Main.cpp”)
  
C:\Users\zhangpeng\Desktop\January\Project1215YD\Project1215YD\source\RangePro.c(12,115): warning C4305: “初始化”: 从“double”到“const float”截断
  (编译源文件“Main.cpp”)
  
C:\Users\zhangpeng\Desktop\January\Project1215YD\Project1215YD\source\RangePro.c(13,5): warning C4305: “初始化”: 从“double”到“const float”截断
  (编译源文件“Main.cpp”)
  
C:\Users\zhangpeng\Desktop\January\Project1215YD\Project1215YD\source\RangePro.c(13,15): warning C4305: “初始化”: 从“double”到“const float”截断
  (编译源文件“Main.cpp”)
  
C:\Users\zhangpeng\Desktop\January\Project1215YD\Project1215YD\source\RangePro.c(13,25): warning C4305: “初始化”: 从“double”到“const float”截断
  (编译源文件“Main.cpp”)
  
C:\Users\zhangpeng\Desktop\January\Project1215YD\Project1215YD\source\RangePro.c(13,35): warning C4305: “初始化”: 从“double”到“const float”截断
  (编译源文件“Main.cpp”)
  
C:\Users\zhangpeng\Desktop\January\Project1215YD\Project1215YD\source\RangePro.c(13,45): warning C4305: “初始化”: 从“double”到“const float”截断
  (编译源文件“Main.cpp”)
  
C:\Users\zhangpeng\Desktop\January\Project1215YD\Project1215YD\source\RangePro.c(13,55): warning C4305: “初始化”: 从“double”到“const float”截断
  (编译源文件“Main.cpp”)
  
C:\Users\zhangpeng\Desktop\January\Project1215YD\Project1215YD\source\RangePro.c(13,65): warning C4305: “初始化”: 从“double”到“const float”截断
  (编译源文件“Main.cpp”)
  
C:\Users\zhangpeng\Desktop\January\Project1215YD\Project1215YD\source\RangePro.c(13,75): warning C4305: “初始化”: 从“double”到“const float”截断
  (编译源文件“Main.cpp”)
  
C:\Users\zhangpeng\Desktop\January\Project1215YD\Project1215YD\source\RangePro.c(13,85): warning C4305: “初始化”: 从“double”到“const float”截断
  (编译源文件“Main.cpp”)
  
C:\Users\zhangpeng\Desktop\January\Project1215YD\Project1215YD\source\RangePro.c(13,95): warning C4305: “初始化”: 从“double”到“const float”截断
  (编译源文件“Main.cpp”)
  
C:\Users\zhangpeng\Desktop\January\Project1215YD\Project1215YD\source\RangePro.c(13,105): warning C4305: “初始化”: 从“double”到“const float”截断
  (编译源文件“Main.cpp”)
  
C:\Users\zhangpeng\Desktop\January\Project1215YD\Project1215YD\source\RangePro.c(13,115): warning C4305: “初始化”: 从“double”到“const float”截断
  (编译源文件“Main.cpp”)
  
C:\Users\zhangpeng\Desktop\January\Project1215YD\Project1215YD\source\RangePro.c(14,5): warning C4305: “初始化”: 从“double”到“const float”截断
  (编译源文件“Main.cpp”)
  
C:\Users\zhangpeng\Desktop\January\Project1215YD\Project1215YD\source\RangePro.c(14,15): warning C4305: “初始化”: 从“double”到“const float”截断
  (编译源文件“Main.cpp”)
  
C:\Users\zhangpeng\Desktop\January\Project1215YD\Project1215YD\source\RangePro.c(14,25): warning C4305: “初始化”: 从“double”到“const float”截断
  (编译源文件“Main.cpp”)
  
C:\Users\zhangpeng\Desktop\January\Project1215YD\Project1215YD\source\RangePro.c(14,35): warning C4305: “初始化”: 从“double”到“const float”截断
  (编译源文件“Main.cpp”)
  
C:\Users\zhangpeng\Desktop\January\Project1215YD\Project1215YD\source\RangePro.c(14,45): warning C4305: “初始化”: 从“double”到“const float”截断
  (编译源文件“Main.cpp”)
  
C:\Users\zhangpeng\Desktop\January\Project1215YD\Project1215YD\source\RangePro.c(14,55): warning C4305: “初始化”: 从“double”到“const float”截断
  (编译源文件“Main.cpp”)
  
C:\Users\zhangpeng\Desktop\January\Project1215YD\Project1215YD\source\RangePro.c(14,65): warning C4305: “初始化”: 从“double”到“const float”截断
  (编译源文件“Main.cpp”)
  
C:\Users\zhangpeng\Desktop\January\Project1215YD\Project1215YD\source\RangePro.c(14,75): warning C4305: “初始化”: 从“double”到“const float”截断
  (编译源文件“Main.cpp”)
  
C:\Users\zhangpeng\Desktop\January\Project1215YD\Project1215YD\source\RangePro.c(14,85): warning C4305: “初始化”: 从“double”到“const float”截断
  (编译源文件“Main.cpp”)
  
C:\Users\zhangpeng\Desktop\January\Project1215YD\Project1215YD\source\RangePro.c(14,95): warning C4305: “初始化”: 从“double”到“const float”截断
  (编译源文件“Main.cpp”)
  
C:\Users\zhangpeng\Desktop\January\Project1215YD\Project1215YD\source\RangePro.c(14,105): warning C4305: “初始化”: 从“double”到“const float”截断
  (编译源文件“Main.cpp”)
  
C:\Users\zhangpeng\Desktop\January\Project1215YD\Project1215YD\source\RangePro.c(14,115): warning C4305: “初始化”: 从“double”到“const float”截断
  (编译源文件“Main.cpp”)
  
C:\Users\zhangpeng\Desktop\January\Project1215YD\Project1215YD\source\RangePro.c(15,5): warning C4305: “初始化”: 从“double”到“const float”截断
  (编译源文件“Main.cpp”)
  
C:\Users\zhangpeng\Desktop\January\Project1215YD\Project1215YD\source\RangePro.c(15,15): warning C4305: “初始化”: 从“double”到“const float”截断
  (编译源文件“Main.cpp”)
  
C:\Users\zhangpeng\Desktop\January\Project1215YD\Project1215YD\source\RangePro.c(15,25): warning C4305: “初始化”: 从“double”到“const float”截断
  (编译源文件“Main.cpp”)
  
C:\Users\zhangpeng\Desktop\January\Project1215YD\Project1215YD\source\RangePro.c(15,35): warning C4305: “初始化”: 从“double”到“const float”截断
  (编译源文件“Main.cpp”)
  
C:\Users\zhangpeng\Desktop\January\Project1215YD\Project1215YD\source\RangePro.c(15,45): warning C4305: “初始化”: 从“double”到“const float”截断
  (编译源文件“Main.cpp”)
  
C:\Users\zhangpeng\Desktop\January\Project1215YD\Project1215YD\source\RangePro.c(15,55): warning C4305: “初始化”: 从“double”到“const float”截断
  (编译源文件“Main.cpp”)
  
C:\Users\zhangpeng\Desktop\January\Project1215YD\Project1215YD\source\RangePro.c(15,65): warning C4305: “初始化”: 从“double”到“const float”截断
  (编译源文件“Main.cpp”)
  
C:\Users\zhangpeng\Desktop\January\Project1215YD\Project1215YD\source\RangePro.c(15,75): warning C4305: “初始化”: 从“double”到“const float”截断
  (编译源文件“Main.cpp”)
  
C:\Users\zhangpeng\Desktop\January\Project1215YD\Project1215YD\source\RangePro.c(15,85): warning C4305: “初始化”: 从“double”到“const float”截断
  (编译源文件“Main.cpp”)
  
C:\Users\zhangpeng\Desktop\January\Project1215YD\Project1215YD\source\RangePro.c(15,95): warning C4305: “初始化”: 从“double”到“const float”截断
  (编译源文件“Main.cpp”)
  
C:\Users\zhangpeng\Desktop\January\Project1215YD\Project1215YD\source\RangePro.c(15,105): warning C4305: “初始化”: 从“double”到“const float”截断
  (编译源文件“Main.cpp”)
  
C:\Users\zhangpeng\Desktop\January\Project1215YD\Project1215YD\source\RangePro.c(15,115): warning C4305: “初始化”: 从“double”到“const float”截断
  (编译源文件“Main.cpp”)
  
C:\Users\zhangpeng\Desktop\January\Project1215YD\Project1215YD\source\RangePro.c(16,5): warning C4305: “初始化”: 从“double”到“const float”截断
  (编译源文件“Main.cpp”)
  
C:\Users\zhangpeng\Desktop\January\Project1215YD\Project1215YD\source\RangePro.c(16,15): warning C4305: “初始化”: 从“double”到“const float”截断
  (编译源文件“Main.cpp”)
  
C:\Users\zhangpeng\Desktop\January\Project1215YD\Project1215YD\source\RangePro.c(16,25): warning C4305: “初始化”: 从“double”到“const float”截断
  (编译源文件“Main.cpp”)
  
C:\Users\zhangpeng\Desktop\January\Project1215YD\Project1215YD\source\RangePro.c(16,35): warning C4305: “初始化”: 从“double”到“const float”截断
  (编译源文件“Main.cpp”)
  
C:\Users\zhangpeng\Desktop\January\Project1215YD\Project1215YD\source\RangePro.c(16,45): warning C4305: “初始化”: 从“double”到“const float”截断
  (编译源文件“Main.cpp”)
  
C:\Users\zhangpeng\Desktop\January\Project1215YD\Project1215YD\source\RangePro.c(16,55): warning C4305: “初始化”: 从“double”到“const float”截断
  (编译源文件“Main.cpp”)
  
C:\Users\zhangpeng\Desktop\January\Project1215YD\Project1215YD\source\RangePro.c(16,65): warning C4305: “初始化”: 从“double”到“const float”截断
  (编译源文件“Main.cpp”)
  
C:\Users\zhangpeng\Desktop\January\Project1215YD\Project1215YD\source\RangePro.c(16,75): warning C4305: “初始化”: 从“double”到“const float”截断
  (编译源文件“Main.cpp”)
  
C:\Users\zhangpeng\Desktop\January\Project1215YD\Project1215YD\source\RangePro.c(16,85): warning C4305: “初始化”: 从“double”到“const float”截断
  (编译源文件“Main.cpp”)
  
C:\Users\zhangpeng\Desktop\January\Project1215YD\Project1215YD\source\RangePro.c(16,95): warning C4305: “初始化”: 从“double”到“const float”截断
  (编译源文件“Main.cpp”)
  
C:\Users\zhangpeng\Desktop\January\Project1215YD\Project1215YD\source\RangePro.c(16,105): warning C4305: “初始化”: 从“double”到“const float”截断
  (编译源文件“Main.cpp”)
  
C:\Users\zhangpeng\Desktop\January\Project1215YD\Project1215YD\source\RangePro.c(16,115): warning C4305: “初始化”: 从“double”到“const float”截断
  (编译源文件“Main.cpp”)
  
C:\Users\zhangpeng\Desktop\January\Project1215YD\Project1215YD\source\RangePro.c(17,5): warning C4305: “初始化”: 从“double”到“const float”截断
  (编译源文件“Main.cpp”)
  
C:\Users\zhangpeng\Desktop\January\Project1215YD\Project1215YD\source\RangePro.c(17,15): warning C4305: “初始化”: 从“double”到“const float”截断
  (编译源文件“Main.cpp”)
  
C:\Users\zhangpeng\Desktop\January\Project1215YD\Project1215YD\source\RangePro.c(17,25): warning C4305: “初始化”: 从“double”到“const float”截断
  (编译源文件“Main.cpp”)
  
C:\Users\zhangpeng\Desktop\January\Project1215YD\Project1215YD\source\RangePro.c(17,35): warning C4305: “初始化”: 从“double”到“const float”截断
  (编译源文件“Main.cpp”)
  
C:\Users\zhangpeng\Desktop\January\Project1215YD\Project1215YD\source\RangePro.c(17,45): warning C4305: “初始化”: 从“double”到“const float”截断
  (编译源文件“Main.cpp”)
  
C:\Users\zhangpeng\Desktop\January\Project1215YD\Project1215YD\source\RangePro.c(17,55): warning C4305: “初始化”: 从“double”到“const float”截断
  (编译源文件“Main.cpp”)
  
C:\Users\zhangpeng\Desktop\January\Project1215YD\Project1215YD\source\RangePro.c(17,65): warning C4305: “初始化”: 从“double”到“const float”截断
  (编译源文件“Main.cpp”)
  
C:\Users\zhangpeng\Desktop\January\Project1215YD\Project1215YD\source\RangePro.c(17,75): warning C4305: “初始化”: 从“double”到“const float”截断
  (编译源文件“Main.cpp”)
  
C:\Users\zhangpeng\Desktop\January\Project1215YD\Project1215YD\source\RangePro.c(17,85): warning C4305: “初始化”: 从“double”到“const float”截断
  (编译源文件“Main.cpp”)
  
C:\Users\zhangpeng\Desktop\January\Project1215YD\Project1215YD\source\RangePro.c(17,95): warning C4305: “初始化”: 从“double”到“const float”截断
  (编译源文件“Main.cpp”)
  
C:\Users\zhangpeng\Desktop\January\Project1215YD\Project1215YD\source\RangePro.c(17,105): warning C4305: “初始化”: 从“double”到“const float”截断
  (编译源文件“Main.cpp”)
  
C:\Users\zhangpeng\Desktop\January\Project1215YD\Project1215YD\source\RangePro.c(17,115): warning C4305: “初始化”: 从“double”到“const float”截断
  (编译源文件“Main.cpp”)
  
C:\Users\zhangpeng\Desktop\January\Project1215YD\Project1215YD\source\RangePro.c(18,5): warning C4305: “初始化”: 从“double”到“const float”截断
  (编译源文件“Main.cpp”)
  
C:\Users\zhangpeng\Desktop\January\Project1215YD\Project1215YD\source\RangePro.c(18,15): warning C4305: “初始化”: 从“double”到“const float”截断
  (编译源文件“Main.cpp”)
  
C:\Users\zhangpeng\Desktop\January\Project1215YD\Project1215YD\source\RangePro.c(18,25): warning C4305: “初始化”: 从“double”到“const float”截断
  (编译源文件“Main.cpp”)
  
C:\Users\zhangpeng\Desktop\January\Project1215YD\Project1215YD\source\RangePro.c(18,35): warning C4305: “初始化”: 从“double”到“const float”截断
  (编译源文件“Main.cpp”)
  
C:\Users\zhangpeng\Desktop\January\Project1215YD\Project1215YD\source\RangePro.c(18,45): warning C4305: “初始化”: 从“double”到“const float”截断
  (编译源文件“Main.cpp”)
  
C:\Users\zhangpeng\Desktop\January\Project1215YD\Project1215YD\source\RangePro.c(18,55): warning C4305: “初始化”: 从“double”到“const float”截断
  (编译源文件“Main.cpp”)
  
C:\Users\zhangpeng\Desktop\January\Project1215YD\Project1215YD\source\RangePro.c(18,65): warning C4305: “初始化”: 从“double”到“const float”截断
  (编译源文件“Main.cpp”)
  
C:\Users\zhangpeng\Desktop\January\Project1215YD\Project1215YD\source\RangePro.c(18,75): warning C4305: “初始化”: 从“double”到“const float”截断
  (编译源文件“Main.cpp”)
  
C:\Users\zhangpeng\Desktop\January\Project1215YD\Project1215YD\source\RangePro.c(18,85): warning C4305: “初始化”: 从“double”到“const float”截断
  (编译源文件“Main.cpp”)
  
C:\Users\zhangpeng\Desktop\January\Project1215YD\Project1215YD\source\RangePro.c(18,95): warning C4305: “初始化”: 从“double”到“const float”截断
  (编译源文件“Main.cpp”)
  
C:\Users\zhangpeng\Desktop\January\Project1215YD\Project1215YD\source\RangePro.c(18,105): warning C4305: “初始化”: 从“double”到“const float”截断
  (编译源文件“Main.cpp”)
  
C:\Users\zhangpeng\Desktop\January\Project1215YD\Project1215YD\source\RangePro.c(18,115): warning C4305: “初始化”: 从“double”到“const float”截断
  (编译源文件“Main.cpp”)
  
C:\Users\zhangpeng\Desktop\January\Project1215YD\Project1215YD\source\RangePro.c(19,5): warning C4305: “初始化”: 从“double”到“const float”截断
  (编译源文件“Main.cpp”)
  
C:\Users\zhangpeng\Desktop\January\Project1215YD\Project1215YD\source\RangePro.c(19,15): warning C4305: “初始化”: 从“double”到“const float”截断
  (编译源文件“Main.cpp”)
  
C:\Users\zhangpeng\Desktop\January\Project1215YD\Project1215YD\source\RangePro.c(19,25): warning C4305: “初始化”: 从“double”到“const float”截断
  (编译源文件“Main.cpp”)
  
C:\Users\zhangpeng\Desktop\January\Project1215YD\Project1215YD\source\RangePro.c(19,35): warning C4305: “初始化”: 从“double”到“const float”截断
  (编译源文件“Main.cpp”)
  
C:\Users\zhangpeng\Desktop\January\Project1215YD\Project1215YD\source\RangePro.c(19,45): warning C4305: “初始化”: 从“double”到“const float”截断
  (编译源文件“Main.cpp”)
  
C:\Users\zhangpeng\Desktop\January\Project1215YD\Project1215YD\source\RangePro.c(19,55): warning C4305: “初始化”: 从“double”到“const float”截断
  (编译源文件“Main.cpp”)
  
C:\Users\zhangpeng\Desktop\January\Project1215YD\Project1215YD\source\RangePro.c(19,65): warning C4305: “初始化”: 从“double”到“const float”截断
  (编译源文件“Main.cpp”)
  
C:\Users\zhangpeng\Desktop\January\Project1215YD\Project1215YD\source\RangePro.c(19,75): warning C4305: “初始化”: 从“double”到“const float”截断
  (编译源文件“Main.cpp”)
  
C:\Users\zhangpeng\Desktop\January\Project1215YD\Project1215YD\source\RangePro.c(19,85): warning C4305: “初始化”: 从“double”到“const float”截断
  (编译源文件“Main.cpp”)
  
C:\Users\zhangpeng\Desktop\January\Project1215YD\Project1215YD\source\RangePro.c(19,95): warning C4305: “初始化”: 从“double”到“const float”截断
  (编译源文件“Main.cpp”)
  
C:\Users\zhangpeng\Desktop\January\Project1215YD\Project1215YD\source\RangePro.c(19,105): warning C4305: “初始化”: 从“double”到“const float”截断
  (编译源文件“Main.cpp”)
  
C:\Users\zhangpeng\Desktop\January\Project1215YD\Project1215YD\source\RangePro.c(19,115): warning C4305: “初始化”: 从“double”到“const float”截断
  (编译源文件“Main.cpp”)
  
C:\Users\zhangpeng\Desktop\January\Project1215YD\Project1215YD\source\RangePro.c(20,5): warning C4305: “初始化”: 从“double”到“const float”截断
  (编译源文件“Main.cpp”)
  
C:\Users\zhangpeng\Desktop\January\Project1215YD\Project1215YD\source\RangePro.c(20,15): warning C4305: “初始化”: 从“double”到“const float”截断
  (编译源文件“Main.cpp”)
  
C:\Users\zhangpeng\Desktop\January\Project1215YD\Project1215YD\source\RangePro.c(20,25): warning C4305: “初始化”: 从“double”到“const float”截断
  (编译源文件“Main.cpp”)
  
C:\Users\zhangpeng\Desktop\January\Project1215YD\Project1215YD\source\RangePro.c(20,35): warning C4305: “初始化”: 从“double”到“const float”截断
  (编译源文件“Main.cpp”)
  
C:\Users\zhangpeng\Desktop\January\Project1215YD\Project1215YD\source\RangePro.c(20,45): warning C4305: “初始化”: 从“double”到“const float”截断
  (编译源文件“Main.cpp”)
  
C:\Users\zhangpeng\Desktop\January\Project1215YD\Project1215YD\source\RangePro.c(20,55): warning C4305: “初始化”: 从“double”到“const float”截断
  (编译源文件“Main.cpp”)
  
C:\Users\zhangpeng\Desktop\January\Project1215YD\Project1215YD\source\RangePro.c(20,65): warning C4305: “初始化”: 从“double”到“const float”截断
  (编译源文件“Main.cpp”)
  
C:\Users\zhangpeng\Desktop\January\Project1215YD\Project1215YD\source\RangePro.c(20,75): warning C4305: “初始化”: 从“double”到“const float”截断
  (编译源文件“Main.cpp”)
  
C:\Users\zhangpeng\Desktop\January\Project1215YD\Project1215YD\source\RangePro.c(20,85): warning C4305: “初始化”: 从“double”到“const float”截断
  (编译源文件“Main.cpp”)
  
C:\Users\zhangpeng\Desktop\January\Project1215YD\Project1215YD\source\RangePro.c(20,95): warning C4305: “初始化”: 从“double”到“const float”截断
  (编译源文件“Main.cpp”)
  
C:\Users\zhangpeng\Desktop\January\Project1215YD\Project1215YD\source\RangePro.c(20,105): warning C4305: “初始化”: 从“double”到“const float”截断
  (编译源文件“Main.cpp”)
  
C:\Users\zhangpeng\Desktop\January\Project1215YD\Project1215YD\source\RangePro.c(20,115): warning C4305: “初始化”: 从“double”到“const float”截断
  (编译源文件“Main.cpp”)
  
C:\Users\zhangpeng\Desktop\January\Project1215YD\Project1215YD\source\RangePro.c(21,5): warning C4305: “初始化”: 从“double”到“const float”截断
  (编译源文件“Main.cpp”)
  
C:\Users\zhangpeng\Desktop\January\Project1215YD\Project1215YD\source\RangePro.c(21,15): warning C4305: “初始化”: 从“double”到“const float”截断
  (编译源文件“Main.cpp”)
  
C:\Users\zhangpeng\Desktop\January\Project1215YD\Project1215YD\source\RangePro.c(21,25): warning C4305: “初始化”: 从“double”到“const float”截断
  (编译源文件“Main.cpp”)
  
C:\Users\zhangpeng\Desktop\January\Project1215YD\Project1215YD\source\RangePro.c(21,35): warning C4305: “初始化”: 从“double”到“const float”截断
  (编译源文件“Main.cpp”)
  
C:\Users\zhangpeng\Desktop\January\Project1215YD\Project1215YD\source\RangePro.c(21,45): warning C4305: “初始化”: 从“double”到“const float”截断
  (编译源文件“Main.cpp”)
  
C:\Users\zhangpeng\Desktop\January\Project1215YD\Project1215YD\source\RangePro.c(21,55): warning C4305: “初始化”: 从“double”到“const float”截断
  (编译源文件“Main.cpp”)
  
C:\Users\zhangpeng\Desktop\January\Project1215YD\Project1215YD\source\RangePro.c(21,65): warning C4305: “初始化”: 从“double”到“const float”截断
  (编译源文件“Main.cpp”)
  
C:\Users\zhangpeng\Desktop\January\Project1215YD\Project1215YD\source\RangePro.c(21,75): warning C4305: “初始化”: 从“double”到“const float”截断
  (编译源文件“Main.cpp”)
  
C:\Users\zhangpeng\Desktop\January\Project1215YD\Project1215YD\source\RangePro.c(21,85): warning C4305: “初始化”: 从“double”到“const float”截断
  (编译源文件“Main.cpp”)
  
C:\Users\zhangpeng\Desktop\January\Project1215YD\Project1215YD\source\RangePro.c(21,95): warning C4305: “初始化”: 从“double”到“const float”截断
  (编译源文件“Main.cpp”)
  
C:\Users\zhangpeng\Desktop\January\Project1215YD\Project1215YD\source\RangePro.c(21,105): warning C4305: “初始化”: 从“double”到“const float”截断
  (编译源文件“Main.cpp”)
  
C:\Users\zhangpeng\Desktop\January\Project1215YD\Project1215YD\source\RangePro.c(21,115): warning C4305: “初始化”: 从“double”到“const float”截断
  (编译源文件“Main.cpp”)
  
C:\Users\zhangpeng\Desktop\January\Project1215YD\Project1215YD\source\RangePro.c(22,5): warning C4305: “初始化”: 从“double”到“const float”截断
  (编译源文件“Main.cpp”)
  
C:\Users\zhangpeng\Desktop\January\Project1215YD\Project1215YD\source\RangePro.c(22,15): warning C4305: “初始化”: 从“double”到“const float”截断
  (编译源文件“Main.cpp”)
  
C:\Users\zhangpeng\Desktop\January\Project1215YD\Project1215YD\source\RangePro.c(22,25): warning C4305: “初始化”: 从“double”到“const float”截断
  (编译源文件“Main.cpp”)
  
C:\Users\zhangpeng\Desktop\January\Project1215YD\Project1215YD\source\RangePro.c(22,35): warning C4305: “初始化”: 从“double”到“const float”截断
  (编译源文件“Main.cpp”)
  
C:\Users\zhangpeng\Desktop\January\Project1215YD\Project1215YD\source\RangePro.c(22,45): warning C4305: “初始化”: 从“double”到“const float”截断
  (编译源文件“Main.cpp”)
  
C:\Users\zhangpeng\Desktop\January\Project1215YD\Project1215YD\source\RangePro.c(22,55): warning C4305: “初始化”: 从“double”到“const float”截断
  (编译源文件“Main.cpp”)
  
C:\Users\zhangpeng\Desktop\January\Project1215YD\Project1215YD\source\RangePro.c(22,65): warning C4305: “初始化”: 从“double”到“const float”截断
  (编译源文件“Main.cpp”)
  
C:\Users\zhangpeng\Desktop\January\Project1215YD\Project1215YD\source\RangePro.c(22,75): warning C4305: “初始化”: 从“double”到“const float”截断
  (编译源文件“Main.cpp”)
  
C:\Users\zhangpeng\Desktop\January\Project1215YD\Project1215YD\source\RangePro.c(28,5): warning C4305: “初始化”: 从“double”到“const float”截断
  (编译源文件“Main.cpp”)
  
C:\Users\zhangpeng\Desktop\January\Project1215YD\Project1215YD\source\RangePro.c(28,15): warning C4305: “初始化”: 从“double”到“const float”截断
  (编译源文件“Main.cpp”)
  
C:\Users\zhangpeng\Desktop\January\Project1215YD\Project1215YD\source\RangePro.c(28,25): warning C4305: “初始化”: 从“double”到“const float”截断
  (编译源文件“Main.cpp”)
  
C:\Users\zhangpeng\Desktop\January\Project1215YD\Project1215YD\source\RangePro.c(28,35): warning C4305: “初始化”: 从“double”到“const float”截断
  (编译源文件“Main.cpp”)
  
C:\Users\zhangpeng\Desktop\January\Project1215YD\Project1215YD\source\RangePro.c(28,45): warning C4305: “初始化”: 从“double”到“const float”截断
  (编译源文件“Main.cpp”)
  
C:\Users\zhangpeng\Desktop\January\Project1215YD\Project1215YD\source\RangePro.c(28,55): warning C4305: “初始化”: 从“double”到“const float”截断
  (编译源文件“Main.cpp”)
  
C:\Users\zhangpeng\Desktop\January\Project1215YD\Project1215YD\source\RangePro.c(28,65): warning C4305: “初始化”: 从“double”到“const float”截断
  (编译源文件“Main.cpp”)
  
C:\Users\zhangpeng\Desktop\January\Project1215YD\Project1215YD\source\RangePro.c(28,75): warning C4305: “初始化”: 从“double”到“const float”截断
  (编译源文件“Main.cpp”)
  
C:\Users\zhangpeng\Desktop\January\Project1215YD\Project1215YD\source\RangePro.c(28,85): warning C4305: “初始化”: 从“double”到“const float”截断
  (编译源文件“Main.cpp”)
  
C:\Users\zhangpeng\Desktop\January\Project1215YD\Project1215YD\source\RangePro.c(28,95): warning C4305: “初始化”: 从“double”到“const float”截断
  (编译源文件“Main.cpp”)
  
C:\Users\zhangpeng\Desktop\January\Project1215YD\Project1215YD\source\RangePro.c(28,105): warning C4305: “初始化”: 从“double”到“const float”截断
  (编译源文件“Main.cpp”)
  
C:\Users\zhangpeng\Desktop\January\Project1215YD\Project1215YD\source\RangePro.c(28,115): warning C4305: “初始化”: 从“double”到“const float”截断
  (编译源文件“Main.cpp”)
  
C:\Users\zhangpeng\Desktop\January\Project1215YD\Project1215YD\source\RangePro.c(29,5): warning C4305: “初始化”: 从“double”到“const float”截断
  (编译源文件“Main.cpp”)
  
C:\Users\zhangpeng\Desktop\January\Project1215YD\Project1215YD\source\RangePro.c(29,15): warning C4305: “初始化”: 从“double”到“const float”截断
  (编译源文件“Main.cpp”)
  
C:\Users\zhangpeng\Desktop\January\Project1215YD\Project1215YD\source\RangePro.c(29,25): warning C4305: “初始化”: 从“double”到“const float”截断
  (编译源文件“Main.cpp”)
  
C:\Users\zhangpeng\Desktop\January\Project1215YD\Project1215YD\source\RangePro.c(29,35): warning C4305: “初始化”: 从“double”到“const float”截断
  (编译源文件“Main.cpp”)
  
C:\Users\zhangpeng\Desktop\January\Project1215YD\Project1215YD\source\RangePro.c(29,45): warning C4305: “初始化”: 从“double”到“const float”截断
  (编译源文件“Main.cpp”)
  
C:\Users\zhangpeng\Desktop\January\Project1215YD\Project1215YD\source\RangePro.c(29,55): warning C4305: “初始化”: 从“double”到“const float”截断
  (编译源文件“Main.cpp”)
  
C:\Users\zhangpeng\Desktop\January\Project1215YD\Project1215YD\source\RangePro.c(29,65): warning C4305: “初始化”: 从“double”到“const float”截断
  (编译源文件“Main.cpp”)
  
C:\Users\zhangpeng\Desktop\January\Project1215YD\Project1215YD\source\RangePro.c(29,75): warning C4305: “初始化”: 从“double”到“const float”截断
  (编译源文件“Main.cpp”)
  
C:\Users\zhangpeng\Desktop\January\Project1215YD\Project1215YD\source\RangePro.c(29,85): warning C4305: “初始化”: 从“double”到“const float”截断
  (编译源文件“Main.cpp”)
  
C:\Users\zhangpeng\Desktop\January\Project1215YD\Project1215YD\source\RangePro.c(29,95): warning C4305: “初始化”: 从“double”到“const float”截断
  (编译源文件“Main.cpp”)
  
C:\Users\zhangpeng\Desktop\January\Project1215YD\Project1215YD\source\RangePro.c(29,105): warning C4305: “初始化”: 从“double”到“const float”截断
  (编译源文件“Main.cpp”)
  
C:\Users\zhangpeng\Desktop\January\Project1215YD\Project1215YD\source\RangePro.c(29,115): warning C4305: “初始化”: 从“double”到“const float”截断
  (编译源文件“Main.cpp”)
  
C:\Users\zhangpeng\Desktop\January\Project1215YD\Project1215YD\source\RangePro.c(30,5): warning C4305: “初始化”: 从“double”到“const float”截断
  (编译源文件“Main.cpp”)
  
C:\Users\zhangpeng\Desktop\January\Project1215YD\Project1215YD\source\RangePro.c(30,15): warning C4305: “初始化”: 从“double”到“const float”截断
  (编译源文件“Main.cpp”)
  
C:\Users\zhangpeng\Desktop\January\Project1215YD\Project1215YD\source\RangePro.c(30,25): warning C4305: “初始化”: 从“double”到“const float”截断
  (编译源文件“Main.cpp”)
  
C:\Users\zhangpeng\Desktop\January\Project1215YD\Project1215YD\source\RangePro.c(30,35): warning C4305: “初始化”: 从“double”到“const float”截断
  (编译源文件“Main.cpp”)
  
C:\Users\zhangpeng\Desktop\January\Project1215YD\Project1215YD\source\RangePro.c(30,45): warning C4305: “初始化”: 从“double”到“const float”截断
  (编译源文件“Main.cpp”)
  
C:\Users\zhangpeng\Desktop\January\Project1215YD\Project1215YD\source\RangePro.c(30,55): warning C4305: “初始化”: 从“double”到“const float”截断
  (编译源文件“Main.cpp”)
  
C:\Users\zhangpeng\Desktop\January\Project1215YD\Project1215YD\source\RangePro.c(30,65): warning C4305: “初始化”: 从“double”到“const float”截断
  (编译源文件“Main.cpp”)
  
C:\Users\zhangpeng\Desktop\January\Project1215YD\Project1215YD\source\RangePro.c(30,75): warning C4305: “初始化”: 从“double”到“const float”截断
  (编译源文件“Main.cpp”)
  
C:\Users\zhangpeng\Desktop\January\Project1215YD\Project1215YD\source\RangePro.c(30,85): warning C4305: “初始化”: 从“double”到“const float”截断
  (编译源文件“Main.cpp”)
  
C:\Users\zhangpeng\Desktop\January\Project1215YD\Project1215YD\source\RangePro.c(30,95): warning C4305: “初始化”: 从“double”到“const float”截断
  (编译源文件“Main.cpp”)
  
C:\Users\zhangpeng\Desktop\January\Project1215YD\Project1215YD\source\RangePro.c(30,105): warning C4305: “初始化”: 从“double”到“const float”截断
  (编译源文件“Main.cpp”)
  
C:\Users\zhangpeng\Desktop\January\Project1215YD\Project1215YD\source\RangePro.c(30,115): warning C4305: “初始化”: 从“double”到“const float”截断
  (编译源文件“Main.cpp”)
  
C:\Users\zhangpeng\Desktop\January\Project1215YD\Project1215YD\source\RangePro.c(31,5): warning C4305: “初始化”: 从“double”到“const float”截断
  (编译源文件“Main.cpp”)
  
C:\Users\zhangpeng\Desktop\January\Project1215YD\Project1215YD\source\RangePro.c(31,15): warning C4305: “初始化”: 从“double”到“const float”截断
  (编译源文件“Main.cpp”)
  
C:\Users\zhangpeng\Desktop\January\Project1215YD\Project1215YD\source\RangePro.c(31,25): warning C4305: “初始化”: 从“double”到“const float”截断
  (编译源文件“Main.cpp”)
  
C:\Users\zhangpeng\Desktop\January\Project1215YD\Project1215YD\source\RangePro.c(31,35): warning C4305: “初始化”: 从“double”到“const float”截断
  (编译源文件“Main.cpp”)
  
C:\Users\zhangpeng\Desktop\January\Project1215YD\Project1215YD\source\RangePro.c(31,45): warning C4305: “初始化”: 从“double”到“const float”截断
  (编译源文件“Main.cpp”)
  
C:\Users\zhangpeng\Desktop\January\Project1215YD\Project1215YD\source\RangePro.c(31,55): warning C4305: “初始化”: 从“double”到“const float”截断
  (编译源文件“Main.cpp”)
  
C:\Users\zhangpeng\Desktop\January\Project1215YD\Project1215YD\source\RangePro.c(31,65): warning C4305: “初始化”: 从“double”到“const float”截断
  (编译源文件“Main.cpp”)
  
C:\Users\zhangpeng\Desktop\January\Project1215YD\Project1215YD\source\RangePro.c(31,75): warning C4305: “初始化”: 从“double”到“const float”截断
  (编译源文件“Main.cpp”)
  
C:\Users\zhangpeng\Desktop\January\Project1215YD\Project1215YD\source\RangePro.c(31,85): warning C4305: “初始化”: 从“double”到“const float”截断
  (编译源文件“Main.cpp”)
  
C:\Users\zhangpeng\Desktop\January\Project1215YD\Project1215YD\source\RangePro.c(31,95): warning C4305: “初始化”: 从“double”到“const float”截断
  (编译源文件“Main.cpp”)
  
C:\Users\zhangpeng\Desktop\January\Project1215YD\Project1215YD\source\RangePro.c(31,105): warning C4305: “初始化”: 从“double”到“const float”截断
  (编译源文件“Main.cpp”)
  
C:\Users\zhangpeng\Desktop\January\Project1215YD\Project1215YD\source\RangePro.c(31,115): warning C4305: “初始化”: 从“double”到“const float”截断
  (编译源文件“Main.cpp”)
  
C:\Users\zhangpeng\Desktop\January\Project1215YD\Project1215YD\source\RangePro.c(32,5): warning C4305: “初始化”: 从“double”到“const float”截断
  (编译源文件“Main.cpp”)
  
C:\Users\zhangpeng\Desktop\January\Project1215YD\Project1215YD\source\RangePro.c(32,15): warning C4305: “初始化”: 从“double”到“const float”截断
  (编译源文件“Main.cpp”)
  
C:\Users\zhangpeng\Desktop\January\Project1215YD\Project1215YD\source\RangePro.c(32,25): warning C4305: “初始化”: 从“double”到“const float”截断
  (编译源文件“Main.cpp”)
  
C:\Users\zhangpeng\Desktop\January\Project1215YD\Project1215YD\source\RangePro.c(32,35): warning C4305: “初始化”: 从“double”到“const float”截断
  (编译源文件“Main.cpp”)
  
C:\Users\zhangpeng\Desktop\January\Project1215YD\Project1215YD\source\RangePro.c(32,45): warning C4305: “初始化”: 从“double”到“const float”截断
  (编译源文件“Main.cpp”)
  
C:\Users\zhangpeng\Desktop\January\Project1215YD\Project1215YD\source\RangePro.c(32,55): warning C4305: “初始化”: 从“double”到“const float”截断
  (编译源文件“Main.cpp”)
  
C:\Users\zhangpeng\Desktop\January\Project1215YD\Project1215YD\source\RangePro.c(32,65): warning C4305: “初始化”: 从“double”到“const float”截断
  (编译源文件“Main.cpp”)
  
C:\Users\zhangpeng\Desktop\January\Project1215YD\Project1215YD\source\RangePro.c(32,75): warning C4305: “初始化”: 从“double”到“const float”截断
  (编译源文件“Main.cpp”)
  
C:\Users\zhangpeng\Desktop\January\Project1215YD\Project1215YD\source\RangePro.c(32,85): warning C4305: “初始化”: 从“double”到“const float”截断
  (编译源文件“Main.cpp”)
  
C:\Users\zhangpeng\Desktop\January\Project1215YD\Project1215YD\source\RangePro.c(32,95): warning C4305: “初始化”: 从“double”到“const float”截断
  (编译源文件“Main.cpp”)
  
C:\Users\zhangpeng\Desktop\January\Project1215YD\Project1215YD\source\RangePro.c(32,105): warning C4305: “初始化”: 从“double”到“const float”截断
  (编译源文件“Main.cpp”)
  
C:\Users\zhangpeng\Desktop\January\Project1215YD\Project1215YD\source\RangePro.c(32,115): warning C4305: “初始化”: 从“double”到“const float”截断
  (编译源文件“Main.cpp”)
  
C:\Users\zhangpeng\Desktop\January\Project1215YD\Project1215YD\source\RangePro.c(33,5): warning C4305: “初始化”: 从“double”到“const float”截断
  (编译源文件“Main.cpp”)
  
C:\Users\zhangpeng\Desktop\January\Project1215YD\Project1215YD\source\RangePro.c(33,15): warning C4305: “初始化”: 从“double”到“const float”截断
  (编译源文件“Main.cpp”)
  
C:\Users\zhangpeng\Desktop\January\Project1215YD\Project1215YD\source\RangePro.c(33,25): warning C4305: “初始化”: 从“double”到“const float”截断
  (编译源文件“Main.cpp”)
  
C:\Users\zhangpeng\Desktop\January\Project1215YD\Project1215YD\source\RangePro.c(33,35): warning C4305: “初始化”: 从“double”到“const float”截断
  (编译源文件“Main.cpp”)
  
C:\Users\zhangpeng\Desktop\January\Project1215YD\Project1215YD\source\RangePro.c(33,45): warning C4305: “初始化”: 从“double”到“const float”截断
  (编译源文件“Main.cpp”)
  
C:\Users\zhangpeng\Desktop\January\Project1215YD\Project1215YD\source\RangePro.c(33,55): warning C4305: “初始化”: 从“double”到“const float”截断
  (编译源文件“Main.cpp”)
  
C:\Users\zhangpeng\Desktop\January\Project1215YD\Project1215YD\source\RangePro.c(33,65): warning C4305: “初始化”: 从“double”到“const float”截断
  (编译源文件“Main.cpp”)
  
C:\Users\zhangpeng\Desktop\January\Project1215YD\Project1215YD\source\RangePro.c(33,75): warning C4305: “初始化”: 从“double”到“const float”截断
  (编译源文件“Main.cpp”)
  
C:\Users\zhangpeng\Desktop\January\Project1215YD\Project1215YD\source\RangePro.c(33,85): warning C4305: “初始化”: 从“double”到“const float”截断
  (编译源文件“Main.cpp”)
  
C:\Users\zhangpeng\Desktop\January\Project1215YD\Project1215YD\source\RangePro.c(33,95): warning C4305: “初始化”: 从“double”到“const float”截断
  (编译源文件“Main.cpp”)
  
C:\Users\zhangpeng\Desktop\January\Project1215YD\Project1215YD\source\RangePro.c(33,105): warning C4305: “初始化”: 从“double”到“const float”截断
  (编译源文件“Main.cpp”)
  
C:\Users\zhangpeng\Desktop\January\Project1215YD\Project1215YD\source\RangePro.c(33,115): warning C4305: “初始化”: 从“double”到“const float”截断
  (编译源文件“Main.cpp”)
  
C:\Users\zhangpeng\Desktop\January\Project1215YD\Project1215YD\source\RangePro.c(34,5): warning C4305: “初始化”: 从“double”到“const float”截断
  (编译源文件“Main.cpp”)
  
C:\Users\zhangpeng\Desktop\January\Project1215YD\Project1215YD\source\RangePro.c(34,15): warning C4305: “初始化”: 从“double”到“const float”截断
  (编译源文件“Main.cpp”)
  
C:\Users\zhangpeng\Desktop\January\Project1215YD\Project1215YD\source\RangePro.c(34,25): warning C4305: “初始化”: 从“double”到“const float”截断
  (编译源文件“Main.cpp”)
  
C:\Users\zhangpeng\Desktop\January\Project1215YD\Project1215YD\source\RangePro.c(34,35): warning C4305: “初始化”: 从“double”到“const float”截断
  (编译源文件“Main.cpp”)
  
C:\Users\zhangpeng\Desktop\January\Project1215YD\Project1215YD\source\RangePro.c(34,45): warning C4305: “初始化”: 从“double”到“const float”截断
  (编译源文件“Main.cpp”)
  
C:\Users\zhangpeng\Desktop\January\Project1215YD\Project1215YD\source\RangePro.c(34,55): warning C4305: “初始化”: 从“double”到“const float”截断
  (编译源文件“Main.cpp”)
  
C:\Users\zhangpeng\Desktop\January\Project1215YD\Project1215YD\source\RangePro.c(34,65): warning C4305: “初始化”: 从“double”到“const float”截断
  (编译源文件“Main.cpp”)
  
C:\Users\zhangpeng\Desktop\January\Project1215YD\Project1215YD\source\RangePro.c(34,75): warning C4305: “初始化”: 从“double”到“const float”截断
  (编译源文件“Main.cpp”)
  
C:\Users\zhangpeng\Desktop\January\Project1215YD\Project1215YD\source\RangePro.c(34,85): warning C4305: “初始化”: 从“double”到“const float”截断
  (编译源文件“Main.cpp”)
  
C:\Users\zhangpeng\Desktop\January\Project1215YD\Project1215YD\source\RangePro.c(34,95): warning C4305: “初始化”: 从“double”到“const float”截断
  (编译源文件“Main.cpp”)
  
C:\Users\zhangpeng\Desktop\January\Project1215YD\Project1215YD\source\RangePro.c(34,105): warning C4305: “初始化”: 从“double”到“const float”截断
  (编译源文件“Main.cpp”)
  
C:\Users\zhangpeng\Desktop\January\Project1215YD\Project1215YD\source\RangePro.c(34,115): warning C4305: “初始化”: 从“double”到“const float”截断
  (编译源文件“Main.cpp”)
  
C:\Users\zhangpeng\Desktop\January\Project1215YD\Project1215YD\source\RangePro.c(35,5): warning C4305: “初始化”: 从“double”到“const float”截断
  (编译源文件“Main.cpp”)
  
C:\Users\zhangpeng\Desktop\January\Project1215YD\Project1215YD\source\RangePro.c(35,15): warning C4305: “初始化”: 从“double”到“const float”截断
  (编译源文件“Main.cpp”)
  
C:\Users\zhangpeng\Desktop\January\Project1215YD\Project1215YD\source\RangePro.c(35,25): warning C4305: “初始化”: 从“double”到“const float”截断
  (编译源文件“Main.cpp”)
  
C:\Users\zhangpeng\Desktop\January\Project1215YD\Project1215YD\source\RangePro.c(35,35): warning C4305: “初始化”: 从“double”到“const float”截断
  (编译源文件“Main.cpp”)
  
C:\Users\zhangpeng\Desktop\January\Project1215YD\Project1215YD\source\RangePro.c(35,45): warning C4305: “初始化”: 从“double”到“const float”截断
  (编译源文件“Main.cpp”)
  
C:\Users\zhangpeng\Desktop\January\Project1215YD\Project1215YD\source\RangePro.c(35,55): warning C4305: “初始化”: 从“double”到“const float”截断
  (编译源文件“Main.cpp”)
  
C:\Users\zhangpeng\Desktop\January\Project1215YD\Project1215YD\source\RangePro.c(35,65): warning C4305: “初始化”: 从“double”到“const float”截断
  (编译源文件“Main.cpp”)
  
C:\Users\zhangpeng\Desktop\January\Project1215YD\Project1215YD\source\RangePro.c(35,75): warning C4305: “初始化”: 从“double”到“const float”截断
  (编译源文件“Main.cpp”)
  
C:\Users\zhangpeng\Desktop\January\Project1215YD\Project1215YD\source\RangePro.c(35,85): warning C4305: “初始化”: 从“double”到“const float”截断
  (编译源文件“Main.cpp”)
  
C:\Users\zhangpeng\Desktop\January\Project1215YD\Project1215YD\source\RangePro.c(35,95): warning C4305: “初始化”: 从“double”到“const float”截断
  (编译源文件“Main.cpp”)
  
C:\Users\zhangpeng\Desktop\January\Project1215YD\Project1215YD\source\RangePro.c(35,105): warning C4305: “初始化”: 从“double”到“const float”截断
  (编译源文件“Main.cpp”)
  
C:\Users\zhangpeng\Desktop\January\Project1215YD\Project1215YD\source\RangePro.c(35,115): warning C4305: “初始化”: 从“double”到“const float”截断
  (编译源文件“Main.cpp”)
  
C:\Users\zhangpeng\Desktop\January\Project1215YD\Project1215YD\source\RangePro.c(36,5): warning C4305: “初始化”: 从“double”到“const float”截断
  (编译源文件“Main.cpp”)
  
C:\Users\zhangpeng\Desktop\January\Project1215YD\Project1215YD\source\RangePro.c(36,15): warning C4305: “初始化”: 从“double”到“const float”截断
  (编译源文件“Main.cpp”)
  
C:\Users\zhangpeng\Desktop\January\Project1215YD\Project1215YD\source\RangePro.c(36,25): warning C4305: “初始化”: 从“double”到“const float”截断
  (编译源文件“Main.cpp”)
  
C:\Users\zhangpeng\Desktop\January\Project1215YD\Project1215YD\source\RangePro.c(36,35): warning C4305: “初始化”: 从“double”到“const float”截断
  (编译源文件“Main.cpp”)
  
C:\Users\zhangpeng\Desktop\January\Project1215YD\Project1215YD\source\RangePro.c(36,45): warning C4305: “初始化”: 从“double”到“const float”截断
  (编译源文件“Main.cpp”)
  
C:\Users\zhangpeng\Desktop\January\Project1215YD\Project1215YD\source\RangePro.c(36,55): warning C4305: “初始化”: 从“double”到“const float”截断
  (编译源文件“Main.cpp”)
  
C:\Users\zhangpeng\Desktop\January\Project1215YD\Project1215YD\source\RangePro.c(36,65): warning C4305: “初始化”: 从“double”到“const float”截断
  (编译源文件“Main.cpp”)
  
C:\Users\zhangpeng\Desktop\January\Project1215YD\Project1215YD\source\RangePro.c(36,75): warning C4305: “初始化”: 从“double”到“const float”截断
  (编译源文件“Main.cpp”)
  
C:\Users\zhangpeng\Desktop\January\Project1215YD\Project1215YD\source\RangePro.c(36,85): warning C4305: “初始化”: 从“double”到“const float”截断
  (编译源文件“Main.cpp”)
  
C:\Users\zhangpeng\Desktop\January\Project1215YD\Project1215YD\source\RangePro.c(36,95): warning C4305: “初始化”: 从“double”到“const float”截断
  (编译源文件“Main.cpp”)
  
C:\Users\zhangpeng\Desktop\January\Project1215YD\Project1215YD\source\RangePro.c(36,105): warning C4305: “初始化”: 从“double”到“const float”截断
  (编译源文件“Main.cpp”)
  
C:\Users\zhangpeng\Desktop\January\Project1215YD\Project1215YD\source\RangePro.c(36,115): warning C4305: “初始化”: 从“double”到“const float”截断
  (编译源文件“Main.cpp”)
  
C:\Users\zhangpeng\Desktop\January\Project1215YD\Project1215YD\source\RangePro.c(37,5): warning C4305: “初始化”: 从“double”到“const float”截断
  (编译源文件“Main.cpp”)
  
C:\Users\zhangpeng\Desktop\January\Project1215YD\Project1215YD\source\RangePro.c(37,15): warning C4305: “初始化”: 从“double”到“const float”截断
  (编译源文件“Main.cpp”)
  
C:\Users\zhangpeng\Desktop\January\Project1215YD\Project1215YD\source\RangePro.c(37,25): warning C4305: “初始化”: 从“double”到“const float”截断
  (编译源文件“Main.cpp”)
  
C:\Users\zhangpeng\Desktop\January\Project1215YD\Project1215YD\source\RangePro.c(37,35): warning C4305: “初始化”: 从“double”到“const float”截断
  (编译源文件“Main.cpp”)
  
C:\Users\zhangpeng\Desktop\January\Project1215YD\Project1215YD\source\RangePro.c(37,45): warning C4305: “初始化”: 从“double”到“const float”截断
  (编译源文件“Main.cpp”)
  
C:\Users\zhangpeng\Desktop\January\Project1215YD\Project1215YD\source\RangePro.c(37,55): warning C4305: “初始化”: 从“double”到“const float”截断
  (编译源文件“Main.cpp”)
  
C:\Users\zhangpeng\Desktop\January\Project1215YD\Project1215YD\source\RangePro.c(37,65): warning C4305: “初始化”: 从“double”到“const float”截断
  (编译源文件“Main.cpp”)
  
C:\Users\zhangpeng\Desktop\January\Project1215YD\Project1215YD\source\RangePro.c(37,75): warning C4305: “初始化”: 从“double”到“const float”截断
  (编译源文件“Main.cpp”)
  
C:\Users\zhangpeng\Desktop\January\Project1215YD\Project1215YD\source\RangePro.c(37,85): warning C4305: “初始化”: 从“double”到“const float”截断
  (编译源文件“Main.cpp”)
  
C:\Users\zhangpeng\Desktop\January\Project1215YD\Project1215YD\source\RangePro.c(37,95): warning C4305: “初始化”: 从“double”到“const float”截断
  (编译源文件“Main.cpp”)
  
C:\Users\zhangpeng\Desktop\January\Project1215YD\Project1215YD\source\RangePro.c(37,105): warning C4305: “初始化”: 从“double”到“const float”截断
  (编译源文件“Main.cpp”)
  
C:\Users\zhangpeng\Desktop\January\Project1215YD\Project1215YD\source\RangePro.c(37,115): warning C4305: “初始化”: 从“double”到“const float”截断
  (编译源文件“Main.cpp”)
  
C:\Users\zhangpeng\Desktop\January\Project1215YD\Project1215YD\source\RangePro.c(38,5): warning C4305: “初始化”: 从“double”到“const float”截断
  (编译源文件“Main.cpp”)
  
C:\Users\zhangpeng\Desktop\January\Project1215YD\Project1215YD\source\RangePro.c(38,15): warning C4305: “初始化”: 从“double”到“const float”截断
  (编译源文件“Main.cpp”)
  
C:\Users\zhangpeng\Desktop\January\Project1215YD\Project1215YD\source\RangePro.c(38,25): warning C4305: “初始化”: 从“double”到“const float”截断
  (编译源文件“Main.cpp”)
  
C:\Users\zhangpeng\Desktop\January\Project1215YD\Project1215YD\source\RangePro.c(38,35): warning C4305: “初始化”: 从“double”到“const float”截断
  (编译源文件“Main.cpp”)
  
C:\Users\zhangpeng\Desktop\January\Project1215YD\Project1215YD\source\RangePro.c(38,45): warning C4305: “初始化”: 从“double”到“const float”截断
  (编译源文件“Main.cpp”)
  
C:\Users\zhangpeng\Desktop\January\Project1215YD\Project1215YD\source\RangePro.c(38,55): warning C4305: “初始化”: 从“double”到“const float”截断
  (编译源文件“Main.cpp”)
  
C:\Users\zhangpeng\Desktop\January\Project1215YD\Project1215YD\source\RangePro.c(38,65): warning C4305: “初始化”: 从“double”到“const float”截断
  (编译源文件“Main.cpp”)
  
C:\Users\zhangpeng\Desktop\January\Project1215YD\Project1215YD\source\RangePro.c(38,75): warning C4305: “初始化”: 从“double”到“const float”截断
  (编译源文件“Main.cpp”)
  
C:\Users\zhangpeng\Desktop\January\Project1215YD\Project1215YD\source\RangePro.c(38,85): warning C4305: “初始化”: 从“double”到“const float”截断
  (编译源文件“Main.cpp”)
  
C:\Users\zhangpeng\Desktop\January\Project1215YD\Project1215YD\source\RangePro.c(38,95): warning C4305: “初始化”: 从“double”到“const float”截断
  (编译源文件“Main.cpp”)
  
C:\Users\zhangpeng\Desktop\January\Project1215YD\Project1215YD\source\RangePro.c(38,105): warning C4305: “初始化”: 从“double”到“const float”截断
  (编译源文件“Main.cpp”)
  
C:\Users\zhangpeng\Desktop\January\Project1215YD\Project1215YD\source\RangePro.c(38,115): warning C4305: “初始化”: 从“double”到“const float”截断
  (编译源文件“Main.cpp”)
  
C:\Users\zhangpeng\Desktop\January\Project1215YD\Project1215YD\source\RangePro.c(39,5): warning C4305: “初始化”: 从“double”到“const float”截断
  (编译源文件“Main.cpp”)
  
C:\Users\zhangpeng\Desktop\January\Project1215YD\Project1215YD\source\RangePro.c(39,15): warning C4305: “初始化”: 从“double”到“const float”截断
  (编译源文件“Main.cpp”)
  
C:\Users\zhangpeng\Desktop\January\Project1215YD\Project1215YD\source\RangePro.c(39,25): warning C4305: “初始化”: 从“double”到“const float”截断
  (编译源文件“Main.cpp”)
  
C:\Users\zhangpeng\Desktop\January\Project1215YD\Project1215YD\source\RangePro.c(39,35): warning C4305: “初始化”: 从“double”到“const float”截断
  (编译源文件“Main.cpp”)
  
C:\Users\zhangpeng\Desktop\January\Project1215YD\Project1215YD\source\RangePro.c(39,45): warning C4305: “初始化”: 从“double”到“const float”截断
  (编译源文件“Main.cpp”)
  
C:\Users\zhangpeng\Desktop\January\Project1215YD\Project1215YD\source\RangePro.c(39,55): warning C4305: “初始化”: 从“double”到“const float”截断
  (编译源文件“Main.cpp”)
  
C:\Users\zhangpeng\Desktop\January\Project1215YD\Project1215YD\source\RangePro.c(39,65): warning C4305: “初始化”: 从“double”到“const float”截断
  (编译源文件“Main.cpp”)
  
C:\Users\zhangpeng\Desktop\January\Project1215YD\Project1215YD\source\RangePro.c(39,75): warning C4305: “初始化”: 从“double”到“const float”截断
  (编译源文件“Main.cpp”)
  
C:\Users\zhangpeng\Desktop\January\Project1215YD\Project1215YD\source\RangePro.c(39,85): warning C4305: “初始化”: 从“double”到“const float”截断
  (编译源文件“Main.cpp”)
  
C:\Users\zhangpeng\Desktop\January\Project1215YD\Project1215YD\source\RangePro.c(39,95): warning C4305: “初始化”: 从“double”到“const float”截断
  (编译源文件“Main.cpp”)
  
C:\Users\zhangpeng\Desktop\January\Project1215YD\Project1215YD\source\RangePro.c(39,105): warning C4305: “初始化”: 从“double”到“const float”截断
  (编译源文件“Main.cpp”)
  
C:\Users\zhangpeng\Desktop\January\Project1215YD\Project1215YD\source\RangePro.c(39,115): warning C4305: “初始化”: 从“double”到“const float”截断
  (编译源文件“Main.cpp”)
  
C:\Users\zhangpeng\Desktop\January\Project1215YD\Project1215YD\source\RangePro.c(40,5): warning C4305: “初始化”: 从“double”到“const float”截断
  (编译源文件“Main.cpp”)
  
C:\Users\zhangpeng\Desktop\January\Project1215YD\Project1215YD\source\RangePro.c(40,15): warning C4305: “初始化”: 从“double”到“const float”截断
  (编译源文件“Main.cpp”)
  
C:\Users\zhangpeng\Desktop\January\Project1215YD\Project1215YD\source\RangePro.c(40,25): warning C4305: “初始化”: 从“double”到“const float”截断
  (编译源文件“Main.cpp”)
  
C:\Users\zhangpeng\Desktop\January\Project1215YD\Project1215YD\source\RangePro.c(40,35): warning C4305: “初始化”: 从“double”到“const float”截断
  (编译源文件“Main.cpp”)
  
C:\Users\zhangpeng\Desktop\January\Project1215YD\Project1215YD\source\RangePro.c(40,45): warning C4305: “初始化”: 从“double”到“const float”截断
  (编译源文件“Main.cpp”)
  
C:\Users\zhangpeng\Desktop\January\Project1215YD\Project1215YD\source\RangePro.c(40,55): warning C4305: “初始化”: 从“double”到“const float”截断
  (编译源文件“Main.cpp”)
  
C:\Users\zhangpeng\Desktop\January\Project1215YD\Project1215YD\source\RangePro.c(40,65): warning C4305: “初始化”: 从“double”到“const float”截断
  (编译源文件“Main.cpp”)
  
C:\Users\zhangpeng\Desktop\January\Project1215YD\Project1215YD\source\RangePro.c(40,75): warning C4305: “初始化”: 从“double”到“const float”截断
  (编译源文件“Main.cpp”)
  
C:\Users\zhangpeng\Desktop\January\Project1215YD\Project1215YD\source\RangePro.c(40,85): warning C4305: “初始化”: 从“double”到“const float”截断
  (编译源文件“Main.cpp”)
  
C:\Users\zhangpeng\Desktop\January\Project1215YD\Project1215YD\source\RangePro.c(40,95): warning C4305: “初始化”: 从“double”到“const float”截断
  (编译源文件“Main.cpp”)
  
C:\Users\zhangpeng\Desktop\January\Project1215YD\Project1215YD\source\RangePro.c(40,105): warning C4305: “初始化”: 从“double”到“const float”截断
  (编译源文件“Main.cpp”)
  
C:\Users\zhangpeng\Desktop\January\Project1215YD\Project1215YD\source\RangePro.c(40,115): warning C4305: “初始化”: 从“double”到“const float”截断
  (编译源文件“Main.cpp”)
  
C:\Users\zhangpeng\Desktop\January\Project1215YD\Project1215YD\source\RangePro.c(41,5): warning C4305: “初始化”: 从“double”到“const float”截断
  (编译源文件“Main.cpp”)
  
C:\Users\zhangpeng\Desktop\January\Project1215YD\Project1215YD\source\RangePro.c(41,15): warning C4305: “初始化”: 从“double”到“const float”截断
  (编译源文件“Main.cpp”)
  
C:\Users\zhangpeng\Desktop\January\Project1215YD\Project1215YD\source\RangePro.c(41,25): warning C4305: “初始化”: 从“double”到“const float”截断
  (编译源文件“Main.cpp”)
  
C:\Users\zhangpeng\Desktop\January\Project1215YD\Project1215YD\source\RangePro.c(41,35): warning C4305: “初始化”: 从“double”到“const float”截断
  (编译源文件“Main.cpp”)
  
C:\Users\zhangpeng\Desktop\January\Project1215YD\Project1215YD\source\RangePro.c(41,45): warning C4305: “初始化”: 从“double”到“const float”截断
  (编译源文件“Main.cpp”)
  
C:\Users\zhangpeng\Desktop\January\Project1215YD\Project1215YD\source\RangePro.c(41,55): warning C4305: “初始化”: 从“double”到“const float”截断
  (编译源文件“Main.cpp”)
  
C:\Users\zhangpeng\Desktop\January\Project1215YD\Project1215YD\source\RangePro.c(41,65): warning C4305: “初始化”: 从“double”到“const float”截断
  (编译源文件“Main.cpp”)
  
C:\Users\zhangpeng\Desktop\January\Project1215YD\Project1215YD\source\RangePro.c(41,75): warning C4305: “初始化”: 从“double”到“const float”截断
  (编译源文件“Main.cpp”)
  
C:\Users\zhangpeng\Desktop\January\Project1215YD\Project1215YD\source\RangePro.c(41,85): warning C4305: “初始化”: 从“double”到“const float”截断
  (编译源文件“Main.cpp”)
  
C:\Users\zhangpeng\Desktop\January\Project1215YD\Project1215YD\source\RangePro.c(41,95): warning C4305: “初始化”: 从“double”到“const float”截断
  (编译源文件“Main.cpp”)
  
C:\Users\zhangpeng\Desktop\January\Project1215YD\Project1215YD\source\RangePro.c(41,105): warning C4305: “初始化”: 从“double”到“const float”截断
  (编译源文件“Main.cpp”)
  
C:\Users\zhangpeng\Desktop\January\Project1215YD\Project1215YD\source\RangePro.c(41,115): warning C4305: “初始化”: 从“double”到“const float”截断
  (编译源文件“Main.cpp”)
  
C:\Users\zhangpeng\Desktop\January\Project1215YD\Project1215YD\source\RangePro.c(42,5): warning C4305: “初始化”: 从“double”到“const float”截断
  (编译源文件“Main.cpp”)
  
C:\Users\zhangpeng\Desktop\January\Project1215YD\Project1215YD\source\RangePro.c(42,15): warning C4305: “初始化”: 从“double”到“const float”截断
  (编译源文件“Main.cpp”)
  
C:\Users\zhangpeng\Desktop\January\Project1215YD\Project1215YD\source\RangePro.c(42,25): warning C4305: “初始化”: 从“double”到“const float”截断
  (编译源文件“Main.cpp”)
  
C:\Users\zhangpeng\Desktop\January\Project1215YD\Project1215YD\source\RangePro.c(42,35): warning C4305: “初始化”: 从“double”到“const float”截断
  (编译源文件“Main.cpp”)
  
C:\Users\zhangpeng\Desktop\January\Project1215YD\Project1215YD\source\RangePro.c(42,45): warning C4305: “初始化”: 从“double”到“const float”截断
  (编译源文件“Main.cpp”)
  
C:\Users\zhangpeng\Desktop\January\Project1215YD\Project1215YD\source\RangePro.c(42,55): warning C4305: “初始化”: 从“double”到“const float”截断
  (编译源文件“Main.cpp”)
  
C:\Users\zhangpeng\Desktop\January\Project1215YD\Project1215YD\source\RangePro.c(42,65): warning C4305: “初始化”: 从“double”到“const float”截断
  (编译源文件“Main.cpp”)
  
C:\Users\zhangpeng\Desktop\January\Project1215YD\Project1215YD\source\RangePro.c(42,75): warning C4305: “初始化”: 从“double”到“const float”截断
  (编译源文件“Main.cpp”)
  
C:\Users\zhangpeng\Desktop\January\Project1215YD\Project1215YD\source\RangePro.c(42,85): warning C4305: “初始化”: 从“double”到“const float”截断
  (编译源文件“Main.cpp”)
  
C:\Users\zhangpeng\Desktop\January\Project1215YD\Project1215YD\source\RangePro.c(42,95): warning C4305: “初始化”: 从“double”到“const float”截断
  (编译源文件“Main.cpp”)
  
C:\Users\zhangpeng\Desktop\January\Project1215YD\Project1215YD\source\RangePro.c(42,105): warning C4305: “初始化”: 从“double”到“const float”截断
  (编译源文件“Main.cpp”)
  
C:\Users\zhangpeng\Desktop\January\Project1215YD\Project1215YD\source\RangePro.c(42,115): warning C4305: “初始化”: 从“double”到“const float”截断
  (编译源文件“Main.cpp”)
  
C:\Users\zhangpeng\Desktop\January\Project1215YD\Project1215YD\source\RangePro.c(43,5): warning C4305: “初始化”: 从“double”到“const float”截断
  (编译源文件“Main.cpp”)
  
C:\Users\zhangpeng\Desktop\January\Project1215YD\Project1215YD\source\RangePro.c(43,15): warning C4305: “初始化”: 从“double”到“const float”截断
  (编译源文件“Main.cpp”)
  
C:\Users\zhangpeng\Desktop\January\Project1215YD\Project1215YD\source\RangePro.c(43,25): warning C4305: “初始化”: 从“double”到“const float”截断
  (编译源文件“Main.cpp”)
  
C:\Users\zhangpeng\Desktop\January\Project1215YD\Project1215YD\source\RangePro.c(43,35): warning C4305: “初始化”: 从“double”到“const float”截断
  (编译源文件“Main.cpp”)
  
C:\Users\zhangpeng\Desktop\January\Project1215YD\Project1215YD\source\RangePro.c(43,45): warning C4305: “初始化”: 从“double”到“const float”截断
  (编译源文件“Main.cpp”)
  
C:\Users\zhangpeng\Desktop\January\Project1215YD\Project1215YD\source\RangePro.c(43,55): warning C4305: “初始化”: 从“double”到“const float”截断
  (编译源文件“Main.cpp”)
  
C:\Users\zhangpeng\Desktop\January\Project1215YD\Project1215YD\source\RangePro.c(43,65): warning C4305: “初始化”: 从“double”到“const float”截断
  (编译源文件“Main.cpp”)
  
C:\Users\zhangpeng\Desktop\January\Project1215YD\Project1215YD\source\RangePro.c(43,75): warning C4305: “初始化”: 从“double”到“const float”截断
  (编译源文件“Main.cpp”)
  
C:\Users\zhangpeng\Desktop\January\Project1215YD\Project1215YD\source\RangePro.c(43,85): warning C4305: “初始化”: 从“double”到“const float”截断
  (编译源文件“Main.cpp”)
  
C:\Users\zhangpeng\Desktop\January\Project1215YD\Project1215YD\source\RangePro.c(43,95): warning C4305: “初始化”: 从“double”到“const float”截断
  (编译源文件“Main.cpp”)
  
C:\Users\zhangpeng\Desktop\January\Project1215YD\Project1215YD\source\RangePro.c(43,105): warning C4305: “初始化”: 从“double”到“const float”截断
  (编译源文件“Main.cpp”)
  
C:\Users\zhangpeng\Desktop\January\Project1215YD\Project1215YD\source\RangePro.c(43,115): warning C4305: “初始化”: 从“double”到“const float”截断
  (编译源文件“Main.cpp”)
  
C:\Users\zhangpeng\Desktop\January\Project1215YD\Project1215YD\source\RangePro.c(44,5): warning C4305: “初始化”: 从“double”到“const float”截断
  (编译源文件“Main.cpp”)
  
C:\Users\zhangpeng\Desktop\January\Project1215YD\Project1215YD\source\RangePro.c(44,15): warning C4305: “初始化”: 从“double”到“const float”截断
  (编译源文件“Main.cpp”)
  
C:\Users\zhangpeng\Desktop\January\Project1215YD\Project1215YD\source\RangePro.c(44,25): warning C4305: “初始化”: 从“double”到“const float”截断
  (编译源文件“Main.cpp”)
  
C:\Users\zhangpeng\Desktop\January\Project1215YD\Project1215YD\source\RangePro.c(44,35): warning C4305: “初始化”: 从“double”到“const float”截断
  (编译源文件“Main.cpp”)
  
C:\Users\zhangpeng\Desktop\January\Project1215YD\Project1215YD\source\RangePro.c(44,45): warning C4305: “初始化”: 从“double”到“const float”截断
  (编译源文件“Main.cpp”)
  
C:\Users\zhangpeng\Desktop\January\Project1215YD\Project1215YD\source\RangePro.c(44,55): warning C4305: “初始化”: 从“double”到“const float”截断
  (编译源文件“Main.cpp”)
  
C:\Users\zhangpeng\Desktop\January\Project1215YD\Project1215YD\source\RangePro.c(44,65): warning C4305: “初始化”: 从“double”到“const float”截断
  (编译源文件“Main.cpp”)
  
C:\Users\zhangpeng\Desktop\January\Project1215YD\Project1215YD\source\RangePro.c(44,75): warning C4305: “初始化”: 从“double”到“const float”截断
  (编译源文件“Main.cpp”)
  
C:\Users\zhangpeng\Desktop\January\Project1215YD\Project1215YD\source\RangePro.c(44,85): warning C4305: “初始化”: 从“double”到“const float”截断
  (编译源文件“Main.cpp”)
  
C:\Users\zhangpeng\Desktop\January\Project1215YD\Project1215YD\source\RangePro.c(44,95): warning C4305: “初始化”: 从“double”到“const float”截断
  (编译源文件“Main.cpp”)
  
C:\Users\zhangpeng\Desktop\January\Project1215YD\Project1215YD\source\RangePro.c(44,105): warning C4305: “初始化”: 从“double”到“const float”截断
  (编译源文件“Main.cpp”)
  
C:\Users\zhangpeng\Desktop\January\Project1215YD\Project1215YD\source\RangePro.c(44,115): warning C4305: “初始化”: 从“double”到“const float”截断
  (编译源文件“Main.cpp”)
  
C:\Users\zhangpeng\Desktop\January\Project1215YD\Project1215YD\source\RangePro.c(45,5): warning C4305: “初始化”: 从“double”到“const float”截断
  (编译源文件“Main.cpp”)
  
C:\Users\zhangpeng\Desktop\January\Project1215YD\Project1215YD\source\RangePro.c(45,15): warning C4305: “初始化”: 从“double”到“const float”截断
  (编译源文件“Main.cpp”)
  
C:\Users\zhangpeng\Desktop\January\Project1215YD\Project1215YD\source\RangePro.c(45,25): warning C4305: “初始化”: 从“double”到“const float”截断
  (编译源文件“Main.cpp”)
  
C:\Users\zhangpeng\Desktop\January\Project1215YD\Project1215YD\source\RangePro.c(45,35): warning C4305: “初始化”: 从“double”到“const float”截断
  (编译源文件“Main.cpp”)
  
C:\Users\zhangpeng\Desktop\January\Project1215YD\Project1215YD\source\RangePro.c(45,45): warning C4305: “初始化”: 从“double”到“const float”截断
  (编译源文件“Main.cpp”)
  
C:\Users\zhangpeng\Desktop\January\Project1215YD\Project1215YD\source\RangePro.c(45,55): warning C4305: “初始化”: 从“double”到“const float”截断
  (编译源文件“Main.cpp”)
  
C:\Users\zhangpeng\Desktop\January\Project1215YD\Project1215YD\source\RangePro.c(45,65): warning C4305: “初始化”: 从“double”到“const float”截断
  (编译源文件“Main.cpp”)
  
C:\Users\zhangpeng\Desktop\January\Project1215YD\Project1215YD\source\RangePro.c(45,75): warning C4305: “初始化”: 从“double”到“const float”截断
  (编译源文件“Main.cpp”)
  
C:\Users\zhangpeng\Desktop\January\Project1215YD\Project1215YD\source\RangePro.c(45,85): warning C4305: “初始化”: 从“double”到“const float”截断
  (编译源文件“Main.cpp”)
  
C:\Users\zhangpeng\Desktop\January\Project1215YD\Project1215YD\source\RangePro.c(45,95): warning C4305: “初始化”: 从“double”到“const float”截断
  (编译源文件“Main.cpp”)
  
C:\Users\zhangpeng\Desktop\January\Project1215YD\Project1215YD\source\RangePro.c(45,105): warning C4305: “初始化”: 从“double”到“const float”截断
  (编译源文件“Main.cpp”)
  
C:\Users\zhangpeng\Desktop\January\Project1215YD\Project1215YD\source\RangePro.c(45,115): warning C4305: “初始化”: 从“double”到“const float”截断
  (编译源文件“Main.cpp”)
  
C:\Users\zhangpeng\Desktop\January\Project1215YD\Project1215YD\source\RangePro.c(46,5): warning C4305: “初始化”: 从“double”到“const float”截断
  (编译源文件“Main.cpp”)
  
C:\Users\zhangpeng\Desktop\January\Project1215YD\Project1215YD\source\RangePro.c(46,15): warning C4305: “初始化”: 从“double”到“const float”截断
  (编译源文件“Main.cpp”)
  
C:\Users\zhangpeng\Desktop\January\Project1215YD\Project1215YD\source\RangePro.c(46,25): warning C4305: “初始化”: 从“double”到“const float”截断
  (编译源文件“Main.cpp”)
  
C:\Users\zhangpeng\Desktop\January\Project1215YD\Project1215YD\source\RangePro.c(46,35): warning C4305: “初始化”: 从“double”到“const float”截断
  (编译源文件“Main.cpp”)
  
C:\Users\zhangpeng\Desktop\January\Project1215YD\Project1215YD\source\RangePro.c(46,45): warning C4305: “初始化”: 从“double”到“const float”截断
  (编译源文件“Main.cpp”)
  
C:\Users\zhangpeng\Desktop\January\Project1215YD\Project1215YD\source\RangePro.c(46,55): warning C4305: “初始化”: 从“double”到“const float”截断
  (编译源文件“Main.cpp”)
  
C:\Users\zhangpeng\Desktop\January\Project1215YD\Project1215YD\source\RangePro.c(46,65): warning C4305: “初始化”: 从“double”到“const float”截断
  (编译源文件“Main.cpp”)
  
C:\Users\zhangpeng\Desktop\January\Project1215YD\Project1215YD\source\RangePro.c(46,75): warning C4305: “初始化”: 从“double”到“const float”截断
  (编译源文件“Main.cpp”)
  
C:\Users\zhangpeng\Desktop\January\Project1215YD\Project1215YD\source\RangePro.c(46,85): warning C4305: “初始化”: 从“double”到“const float”截断
  (编译源文件“Main.cpp”)
  
C:\Users\zhangpeng\Desktop\January\Project1215YD\Project1215YD\source\RangePro.c(46,95): warning C4305: “初始化”: 从“double”到“const float”截断
  (编译源文件“Main.cpp”)
  
C:\Users\zhangpeng\Desktop\January\Project1215YD\Project1215YD\source\RangePro.c(46,105): warning C4305: “初始化”: 从“double”到“const float”截断
  (编译源文件“Main.cpp”)
  
C:\Users\zhangpeng\Desktop\January\Project1215YD\Project1215YD\source\RangePro.c(46,115): warning C4305: “初始化”: 从“double”到“const float”截断
  (编译源文件“Main.cpp”)
  
C:\Users\zhangpeng\Desktop\January\Project1215YD\Project1215YD\source\RangePro.c(47,5): warning C4305: “初始化”: 从“double”到“const float”截断
  (编译源文件“Main.cpp”)
  
C:\Users\zhangpeng\Desktop\January\Project1215YD\Project1215YD\source\RangePro.c(47,15): warning C4305: “初始化”: 从“double”到“const float”截断
  (编译源文件“Main.cpp”)
  
C:\Users\zhangpeng\Desktop\January\Project1215YD\Project1215YD\source\RangePro.c(47,25): warning C4305: “初始化”: 从“double”到“const float”截断
  (编译源文件“Main.cpp”)
  
C:\Users\zhangpeng\Desktop\January\Project1215YD\Project1215YD\source\RangePro.c(47,35): warning C4305: “初始化”: 从“double”到“const float”截断
  (编译源文件“Main.cpp”)
  
C:\Users\zhangpeng\Desktop\January\Project1215YD\Project1215YD\source\RangePro.c(47,45): warning C4305: “初始化”: 从“double”到“const float”截断
  (编译源文件“Main.cpp”)
  
C:\Users\zhangpeng\Desktop\January\Project1215YD\Project1215YD\source\RangePro.c(47,55): warning C4305: “初始化”: 从“double”到“const float”截断
  (编译源文件“Main.cpp”)
  
C:\Users\zhangpeng\Desktop\January\Project1215YD\Project1215YD\source\RangePro.c(47,65): warning C4305: “初始化”: 从“double”到“const float”截断
  (编译源文件“Main.cpp”)
  
C:\Users\zhangpeng\Desktop\January\Project1215YD\Project1215YD\source\RangePro.c(47,75): warning C4305: “初始化”: 从“double”到“const float”截断
  (编译源文件“Main.cpp”)
  
C:\Users\zhangpeng\Desktop\January\Project1215YD\Project1215YD\source\RangePro.c(47,85): warning C4305: “初始化”: 从“double”到“const float”截断
  (编译源文件“Main.cpp”)
  
C:\Users\zhangpeng\Desktop\January\Project1215YD\Project1215YD\source\RangePro.c(47,95): warning C4305: “初始化”: 从“double”到“const float”截断
  (编译源文件“Main.cpp”)
  
C:\Users\zhangpeng\Desktop\January\Project1215YD\Project1215YD\source\RangePro.c(47,105): warning C4305: “初始化”: 从“double”到“const float”截断
  (编译源文件“Main.cpp”)
  
C:\Users\zhangpeng\Desktop\January\Project1215YD\Project1215YD\source\RangePro.c(47,115): warning C4305: “初始化”: 从“double”到“const float”截断
  (编译源文件“Main.cpp”)
  
C:\Users\zhangpeng\Desktop\January\Project1215YD\Project1215YD\source\RangePro.c(48,5): warning C4305: “初始化”: 从“double”到“const float”截断
  (编译源文件“Main.cpp”)
  
C:\Users\zhangpeng\Desktop\January\Project1215YD\Project1215YD\source\RangePro.c(48,15): warning C4305: “初始化”: 从“double”到“const float”截断
  (编译源文件“Main.cpp”)
  
C:\Users\zhangpeng\Desktop\January\Project1215YD\Project1215YD\source\RangePro.c(48,25): warning C4305: “初始化”: 从“double”到“const float”截断
  (编译源文件“Main.cpp”)
  
C:\Users\zhangpeng\Desktop\January\Project1215YD\Project1215YD\source\RangePro.c(48,35): warning C4305: “初始化”: 从“double”到“const float”截断
  (编译源文件“Main.cpp”)
  
C:\Users\zhangpeng\Desktop\January\Project1215YD\Project1215YD\source\RangePro.c(48,45): warning C4305: “初始化”: 从“double”到“const float”截断
  (编译源文件“Main.cpp”)
  
C:\Users\zhangpeng\Desktop\January\Project1215YD\Project1215YD\source\RangePro.c(48,55): warning C4305: “初始化”: 从“double”到“const float”截断
  (编译源文件“Main.cpp”)
  
C:\Users\zhangpeng\Desktop\January\Project1215YD\Project1215YD\source\RangePro.c(48,65): warning C4305: “初始化”: 从“double”到“const float”截断
  (编译源文件“Main.cpp”)
  
C:\Users\zhangpeng\Desktop\January\Project1215YD\Project1215YD\source\RangePro.c(48,75): warning C4305: “初始化”: 从“double”到“const float”截断
  (编译源文件“Main.cpp”)
  
C:\Users\zhangpeng\Desktop\January\Project1215YD\Project1215YD\source\RangePro.c(48,85): warning C4305: “初始化”: 从“double”到“const float”截断
  (编译源文件“Main.cpp”)
  
C:\Users\zhangpeng\Desktop\January\Project1215YD\Project1215YD\source\RangePro.c(48,95): warning C4305: “初始化”: 从“double”到“const float”截断
  (编译源文件“Main.cpp”)
  
C:\Users\zhangpeng\Desktop\January\Project1215YD\Project1215YD\source\RangePro.c(48,105): warning C4305: “初始化”: 从“double”到“const float”截断
  (编译源文件“Main.cpp”)
  
C:\Users\zhangpeng\Desktop\January\Project1215YD\Project1215YD\source\RangePro.c(48,115): warning C4305: “初始化”: 从“double”到“const float”截断
  (编译源文件“Main.cpp”)
  
C:\Users\zhangpeng\Desktop\January\Project1215YD\Project1215YD\source\RangePro.c(49,5): warning C4305: “初始化”: 从“double”到“const float”截断
  (编译源文件“Main.cpp”)
  
C:\Users\zhangpeng\Desktop\January\Project1215YD\Project1215YD\source\RangePro.c(49,15): warning C4305: “初始化”: 从“double”到“const float”截断
  (编译源文件“Main.cpp”)
  
C:\Users\zhangpeng\Desktop\January\Project1215YD\Project1215YD\source\RangePro.c(49,25): warning C4305: “初始化”: 从“double”到“const float”截断
  (编译源文件“Main.cpp”)
  
C:\Users\zhangpeng\Desktop\January\Project1215YD\Project1215YD\source\RangePro.c(49,35): warning C4305: “初始化”: 从“double”到“const float”截断
  (编译源文件“Main.cpp”)
  
C:\Users\zhangpeng\Desktop\January\Project1215YD\Project1215YD\source\RangePro.c(55,5): warning C4305: “初始化”: 从“double”到“const float”截断
  (编译源文件“Main.cpp”)
  
C:\Users\zhangpeng\Desktop\January\Project1215YD\Project1215YD\source\RangePro.c(55,15): warning C4305: “初始化”: 从“double”到“const float”截断
  (编译源文件“Main.cpp”)
  
C:\Users\zhangpeng\Desktop\January\Project1215YD\Project1215YD\source\RangePro.c(55,25): warning C4305: “初始化”: 从“double”到“const float”截断
  (编译源文件“Main.cpp”)
  
C:\Users\zhangpeng\Desktop\January\Project1215YD\Project1215YD\source\RangePro.c(55,35): warning C4305: “初始化”: 从“double”到“const float”截断
  (编译源文件“Main.cpp”)
  
C:\Users\zhangpeng\Desktop\January\Project1215YD\Project1215YD\source\RangePro.c(55,45): warning C4305: “初始化”: 从“double”到“const float”截断
  (编译源文件“Main.cpp”)
  
C:\Users\zhangpeng\Desktop\January\Project1215YD\Project1215YD\source\RangePro.c(55,55): warning C4305: “初始化”: 从“double”到“const float”截断
  (编译源文件“Main.cpp”)
  
C:\Users\zhangpeng\Desktop\January\Project1215YD\Project1215YD\source\RangePro.c(55,65): warning C4305: “初始化”: 从“double”到“const float”截断
  (编译源文件“Main.cpp”)
  
C:\Users\zhangpeng\Desktop\January\Project1215YD\Project1215YD\source\RangePro.c(55,75): warning C4305: “初始化”: 从“double”到“const float”截断
  (编译源文件“Main.cpp”)
  
C:\Users\zhangpeng\Desktop\January\Project1215YD\Project1215YD\source\RangePro.c(56,5): warning C4305: “初始化”: 从“double”到“const float”截断
  (编译源文件“Main.cpp”)
  
C:\Users\zhangpeng\Desktop\January\Project1215YD\Project1215YD\source\RangePro.c(56,15): warning C4305: “初始化”: 从“double”到“const float”截断
  (编译源文件“Main.cpp”)
  
C:\Users\zhangpeng\Desktop\January\Project1215YD\Project1215YD\source\RangePro.c(56,25): warning C4305: “初始化”: 从“double”到“const float”截断
  (编译源文件“Main.cpp”)
  
C:\Users\zhangpeng\Desktop\January\Project1215YD\Project1215YD\source\RangePro.c(56,35): warning C4305: “初始化”: 从“double”到“const float”截断
  (编译源文件“Main.cpp”)
  
C:\Users\zhangpeng\Desktop\January\Project1215YD\Project1215YD\source\RangePro.c(56,45): warning C4305: “初始化”: 从“double”到“const float”截断
  (编译源文件“Main.cpp”)
  
C:\Users\zhangpeng\Desktop\January\Project1215YD\Project1215YD\source\RangePro.c(56,55): warning C4305: “初始化”: 从“double”到“const float”截断
  (编译源文件“Main.cpp”)
  
C:\Users\zhangpeng\Desktop\January\Project1215YD\Project1215YD\source\RangePro.c(56,65): warning C4305: “初始化”: 从“double”到“const float”截断
  (编译源文件“Main.cpp”)
  
C:\Users\zhangpeng\Desktop\January\Project1215YD\Project1215YD\source\RangePro.c(56,75): warning C4305: “初始化”: 从“double”到“const float”截断
  (编译源文件“Main.cpp”)
  
C:\Users\zhangpeng\Desktop\January\Project1215YD\Project1215YD\source\RangePro.c(57,5): warning C4305: “初始化”: 从“double”到“const float”截断
  (编译源文件“Main.cpp”)
  
C:\Users\zhangpeng\Desktop\January\Project1215YD\Project1215YD\source\RangePro.c(57,15): warning C4305: “初始化”: 从“double”到“const float”截断
  (编译源文件“Main.cpp”)
  
C:\Users\zhangpeng\Desktop\January\Project1215YD\Project1215YD\source\RangePro.c(57,25): warning C4305: “初始化”: 从“double”到“const float”截断
  (编译源文件“Main.cpp”)
  
C:\Users\zhangpeng\Desktop\January\Project1215YD\Project1215YD\source\RangePro.c(57,35): warning C4305: “初始化”: 从“double”到“const float”截断
  (编译源文件“Main.cpp”)
  
C:\Users\zhangpeng\Desktop\January\Project1215YD\Project1215YD\source\RangePro.c(57,45): warning C4305: “初始化”: 从“double”到“const float”截断
  (编译源文件“Main.cpp”)
  
C:\Users\zhangpeng\Desktop\January\Project1215YD\Project1215YD\source\RangePro.c(57,55): warning C4305: “初始化”: 从“double”到“const float”截断
  (编译源文件“Main.cpp”)
  
C:\Users\zhangpeng\Desktop\January\Project1215YD\Project1215YD\source\RangePro.c(57,65): warning C4305: “初始化”: 从“double”到“const float”截断
  (编译源文件“Main.cpp”)
  
C:\Users\zhangpeng\Desktop\January\Project1215YD\Project1215YD\source\RangePro.c(57,75): warning C4305: “初始化”: 从“double”到“const float”截断
  (编译源文件“Main.cpp”)
  
C:\Users\zhangpeng\Desktop\January\Project1215YD\Project1215YD\source\RangePro.c(58,5): warning C4305: “初始化”: 从“double”到“const float”截断
  (编译源文件“Main.cpp”)
  
C:\Users\zhangpeng\Desktop\January\Project1215YD\Project1215YD\source\RangePro.c(58,15): warning C4305: “初始化”: 从“double”到“const float”截断
  (编译源文件“Main.cpp”)
  
C:\Users\zhangpeng\Desktop\January\Project1215YD\Project1215YD\source\RangePro.c(58,25): warning C4305: “初始化”: 从“double”到“const float”截断
  (编译源文件“Main.cpp”)
  
C:\Users\zhangpeng\Desktop\January\Project1215YD\Project1215YD\source\RangePro.c(58,35): warning C4305: “初始化”: 从“double”到“const float”截断
  (编译源文件“Main.cpp”)
  
C:\Users\zhangpeng\Desktop\January\Project1215YD\Project1215YD\source\RangePro.c(58,45): warning C4305: “初始化”: 从“double”到“const float”截断
  (编译源文件“Main.cpp”)
  
C:\Users\zhangpeng\Desktop\January\Project1215YD\Project1215YD\source\RangePro.c(58,55): warning C4305: “初始化”: 从“double”到“const float”截断
  (编译源文件“Main.cpp”)
  
C:\Users\zhangpeng\Desktop\January\Project1215YD\Project1215YD\source\RangePro.c(58,65): warning C4305: “初始化”: 从“double”到“const float”截断
  (编译源文件“Main.cpp”)
  
C:\Users\zhangpeng\Desktop\January\Project1215YD\Project1215YD\source\RangePro.c(58,75): warning C4305: “初始化”: 从“double”到“const float”截断
  (编译源文件“Main.cpp”)
  
C:\Users\zhangpeng\Desktop\January\Project1215YD\Project1215YD\source\RangePro.c(59,5): warning C4305: “初始化”: 从“double”到“const float”截断
  (编译源文件“Main.cpp”)
  
C:\Users\zhangpeng\Desktop\January\Project1215YD\Project1215YD\source\RangePro.c(59,15): warning C4305: “初始化”: 从“double”到“const float”截断
  (编译源文件“Main.cpp”)
  
C:\Users\zhangpeng\Desktop\January\Project1215YD\Project1215YD\source\RangePro.c(59,25): warning C4305: “初始化”: 从“double”到“const float”截断
  (编译源文件“Main.cpp”)
  
C:\Users\zhangpeng\Desktop\January\Project1215YD\Project1215YD\source\RangePro.c(59,35): warning C4305: “初始化”: 从“double”到“const float”截断
  (编译源文件“Main.cpp”)
  
C:\Users\zhangpeng\Desktop\January\Project1215YD\Project1215YD\source\RangePro.c(59,45): warning C4305: “初始化”: 从“double”到“const float”截断
  (编译源文件“Main.cpp”)
  
C:\Users\zhangpeng\Desktop\January\Project1215YD\Project1215YD\source\RangePro.c(59,55): warning C4305: “初始化”: 从“double”到“const float”截断
  (编译源文件“Main.cpp”)
  
C:\Users\zhangpeng\Desktop\January\Project1215YD\Project1215YD\source\RangePro.c(59,65): warning C4305: “初始化”: 从“double”到“const float”截断
  (编译源文件“Main.cpp”)
  
C:\Users\zhangpeng\Desktop\January\Project1215YD\Project1215YD\source\RangePro.c(59,75): warning C4305: “初始化”: 从“double”到“const float”截断
  (编译源文件“Main.cpp”)
  
C:\Users\zhangpeng\Desktop\January\Project1215YD\Project1215YD\source\RangePro.c(60,5): warning C4305: “初始化”: 从“double”到“const float”截断
  (编译源文件“Main.cpp”)
  
C:\Users\zhangpeng\Desktop\January\Project1215YD\Project1215YD\source\RangePro.c(60,15): warning C4305: “初始化”: 从“double”到“const float”截断
  (编译源文件“Main.cpp”)
  
C:\Users\zhangpeng\Desktop\January\Project1215YD\Project1215YD\source\RangePro.c(60,25): warning C4305: “初始化”: 从“double”到“const float”截断
  (编译源文件“Main.cpp”)
  
C:\Users\zhangpeng\Desktop\January\Project1215YD\Project1215YD\source\RangePro.c(60,35): warning C4305: “初始化”: 从“double”到“const float”截断
  (编译源文件“Main.cpp”)
  
C:\Users\zhangpeng\Desktop\January\Project1215YD\Project1215YD\source\RangePro.c(60,45): warning C4305: “初始化”: 从“double”到“const float”截断
  (编译源文件“Main.cpp”)
  
C:\Users\zhangpeng\Desktop\January\Project1215YD\Project1215YD\source\RangePro.c(60,55): warning C4305: “初始化”: 从“double”到“const float”截断
  (编译源文件“Main.cpp”)
  
C:\Users\zhangpeng\Desktop\January\Project1215YD\Project1215YD\source\RangePro.c(60,65): warning C4305: “初始化”: 从“double”到“const float”截断
  (编译源文件“Main.cpp”)
  
C:\Users\zhangpeng\Desktop\January\Project1215YD\Project1215YD\source\RangePro.c(60,75): warning C4305: “初始化”: 从“double”到“const float”截断
  (编译源文件“Main.cpp”)
  
C:\Users\zhangpeng\Desktop\January\Project1215YD\Project1215YD\source\RangePro.c(61,5): warning C4305: “初始化”: 从“double”到“const float”截断
  (编译源文件“Main.cpp”)
  
C:\Users\zhangpeng\Desktop\January\Project1215YD\Project1215YD\source\RangePro.c(61,15): warning C4305: “初始化”: 从“double”到“const float”截断
  (编译源文件“Main.cpp”)
  
C:\Users\zhangpeng\Desktop\January\Project1215YD\Project1215YD\source\RangePro.c(61,25): warning C4305: “初始化”: 从“double”到“const float”截断
  (编译源文件“Main.cpp”)
  
C:\Users\zhangpeng\Desktop\January\Project1215YD\Project1215YD\source\RangePro.c(61,35): warning C4305: “初始化”: 从“double”到“const float”截断
  (编译源文件“Main.cpp”)
  
C:\Users\zhangpeng\Desktop\January\Project1215YD\Project1215YD\source\RangePro.c(61,45): warning C4305: “初始化”: 从“double”到“const float”截断
  (编译源文件“Main.cpp”)
  
C:\Users\zhangpeng\Desktop\January\Project1215YD\Project1215YD\source\RangePro.c(61,55): warning C4305: “初始化”: 从“double”到“const float”截断
  (编译源文件“Main.cpp”)
  
C:\Users\zhangpeng\Desktop\January\Project1215YD\Project1215YD\source\RangePro.c(61,65): warning C4305: “初始化”: 从“double”到“const float”截断
  (编译源文件“Main.cpp”)
  
C:\Users\zhangpeng\Desktop\January\Project1215YD\Project1215YD\source\RangePro.c(61,75): warning C4305: “初始化”: 从“double”到“const float”截断
  (编译源文件“Main.cpp”)
  
C:\Users\zhangpeng\Desktop\January\Project1215YD\Project1215YD\source\RangePro.c(62,5): warning C4305: “初始化”: 从“double”到“const float”截断
  (编译源文件“Main.cpp”)
  
C:\Users\zhangpeng\Desktop\January\Project1215YD\Project1215YD\source\RangePro.c(62,15): warning C4305: “初始化”: 从“double”到“const float”截断
  (编译源文件“Main.cpp”)
  
C:\Users\zhangpeng\Desktop\January\Project1215YD\Project1215YD\source\RangePro.c(62,25): warning C4305: “初始化”: 从“double”到“const float”截断
  (编译源文件“Main.cpp”)
  
C:\Users\zhangpeng\Desktop\January\Project1215YD\Project1215YD\source\RangePro.c(62,35): warning C4305: “初始化”: 从“double”到“const float”截断
  (编译源文件“Main.cpp”)
  
C:\Users\zhangpeng\Desktop\January\Project1215YD\Project1215YD\source\RangePro.c(62,45): warning C4305: “初始化”: 从“double”到“const float”截断
  (编译源文件“Main.cpp”)
  
C:\Users\zhangpeng\Desktop\January\Project1215YD\Project1215YD\source\RangePro.c(62,55): warning C4305: “初始化”: 从“double”到“const float”截断
  (编译源文件“Main.cpp”)
  
C:\Users\zhangpeng\Desktop\January\Project1215YD\Project1215YD\source\RangePro.c(62,65): warning C4305: “初始化”: 从“double”到“const float”截断
  (编译源文件“Main.cpp”)
  
C:\Users\zhangpeng\Desktop\January\Project1215YD\Project1215YD\source\RangePro.c(62,75): warning C4305: “初始化”: 从“double”到“const float”截断
  (编译源文件“Main.cpp”)
  
C:\Users\zhangpeng\Desktop\January\Project1215YD\Project1215YD\source\RangePro.c(68,5): warning C4305: “初始化”: 从“double”到“const float”截断
  (编译源文件“Main.cpp”)
  
C:\Users\zhangpeng\Desktop\January\Project1215YD\Project1215YD\source\RangePro.c(68,15): warning C4305: “初始化”: 从“double”到“const float”截断
  (编译源文件“Main.cpp”)
  
C:\Users\zhangpeng\Desktop\January\Project1215YD\Project1215YD\source\RangePro.c(68,25): warning C4305: “初始化”: 从“double”到“const float”截断
  (编译源文件“Main.cpp”)
  
C:\Users\zhangpeng\Desktop\January\Project1215YD\Project1215YD\source\RangePro.c(68,35): warning C4305: “初始化”: 从“double”到“const float”截断
  (编译源文件“Main.cpp”)
  
C:\Users\zhangpeng\Desktop\January\Project1215YD\Project1215YD\source\RangePro.c(68,45): warning C4305: “初始化”: 从“double”到“const float”截断
  (编译源文件“Main.cpp”)
  
C:\Users\zhangpeng\Desktop\January\Project1215YD\Project1215YD\source\RangePro.c(68,55): warning C4305: “初始化”: 从“double”到“const float”截断
  (编译源文件“Main.cpp”)
  
C:\Users\zhangpeng\Desktop\January\Project1215YD\Project1215YD\source\RangePro.c(68,65): warning C4305: “初始化”: 从“double”到“const float”截断
  (编译源文件“Main.cpp”)
  
C:\Users\zhangpeng\Desktop\January\Project1215YD\Project1215YD\source\RangePro.c(68,75): warning C4305: “初始化”: 从“double”到“const float”截断
  (编译源文件“Main.cpp”)
  
C:\Users\zhangpeng\Desktop\January\Project1215YD\Project1215YD\source\RangePro.c(69,5): warning C4305: “初始化”: 从“double”到“const float”截断
  (编译源文件“Main.cpp”)
  
C:\Users\zhangpeng\Desktop\January\Project1215YD\Project1215YD\source\RangePro.c(69,15): warning C4305: “初始化”: 从“double”到“const float”截断
  (编译源文件“Main.cpp”)
  
C:\Users\zhangpeng\Desktop\January\Project1215YD\Project1215YD\source\RangePro.c(69,35): warning C4305: “初始化”: 从“double”到“const float”截断
  (编译源文件“Main.cpp”)
  
C:\Users\zhangpeng\Desktop\January\Project1215YD\Project1215YD\source\RangePro.c(69,45): warning C4305: “初始化”: 从“double”到“const float”截断
  (编译源文件“Main.cpp”)
  
C:\Users\zhangpeng\Desktop\January\Project1215YD\Project1215YD\source\RangePro.c(69,55): warning C4305: “初始化”: 从“double”到“const float”截断
  (编译源文件“Main.cpp”)
  
C:\Users\zhangpeng\Desktop\January\Project1215YD\Project1215YD\source\RangePro.c(69,65): warning C4305: “初始化”: 从“double”到“const float”截断
  (编译源文件“Main.cpp”)
  
C:\Users\zhangpeng\Desktop\January\Project1215YD\Project1215YD\source\RangePro.c(69,75): warning C4305: “初始化”: 从“double”到“const float”截断
  (编译源文件“Main.cpp”)
  
C:\Users\zhangpeng\Desktop\January\Project1215YD\Project1215YD\source\RangePro.c(70,5): warning C4305: “初始化”: 从“double”到“const float”截断
  (编译源文件“Main.cpp”)
  
C:\Users\zhangpeng\Desktop\January\Project1215YD\Project1215YD\source\RangePro.c(70,15): warning C4305: “初始化”: 从“double”到“const float”截断
  (编译源文件“Main.cpp”)
  
C:\Users\zhangpeng\Desktop\January\Project1215YD\Project1215YD\source\RangePro.c(70,25): warning C4305: “初始化”: 从“double”到“const float”截断
  (编译源文件“Main.cpp”)
  
C:\Users\zhangpeng\Desktop\January\Project1215YD\Project1215YD\source\RangePro.c(70,35): warning C4305: “初始化”: 从“double”到“const float”截断
  (编译源文件“Main.cpp”)
  
C:\Users\zhangpeng\Desktop\January\Project1215YD\Project1215YD\source\RangePro.c(70,45): warning C4305: “初始化”: 从“double”到“const float”截断
  (编译源文件“Main.cpp”)
  
C:\Users\zhangpeng\Desktop\January\Project1215YD\Project1215YD\source\RangePro.c(70,65): warning C4305: “初始化”: 从“double”到“const float”截断
  (编译源文件“Main.cpp”)
  
C:\Users\zhangpeng\Desktop\January\Project1215YD\Project1215YD\source\RangePro.c(70,75): warning C4305: “初始化”: 从“double”到“const float”截断
  (编译源文件“Main.cpp”)
  
C:\Users\zhangpeng\Desktop\January\Project1215YD\Project1215YD\source\RangePro.c(71,5): warning C4305: “初始化”: 从“double”到“const float”截断
  (编译源文件“Main.cpp”)
  
C:\Users\zhangpeng\Desktop\January\Project1215YD\Project1215YD\source\RangePro.c(71,15): warning C4305: “初始化”: 从“double”到“const float”截断
  (编译源文件“Main.cpp”)
  
C:\Users\zhangpeng\Desktop\January\Project1215YD\Project1215YD\source\RangePro.c(71,25): warning C4305: “初始化”: 从“double”到“const float”截断
  (编译源文件“Main.cpp”)
  
C:\Users\zhangpeng\Desktop\January\Project1215YD\Project1215YD\source\RangePro.c(71,35): warning C4305: “初始化”: 从“double”到“const float”截断
  (编译源文件“Main.cpp”)
  
C:\Users\zhangpeng\Desktop\January\Project1215YD\Project1215YD\source\RangePro.c(71,45): warning C4305: “初始化”: 从“double”到“const float”截断
  (编译源文件“Main.cpp”)
  
C:\Users\zhangpeng\Desktop\January\Project1215YD\Project1215YD\source\RangePro.c(71,55): warning C4305: “初始化”: 从“double”到“const float”截断
  (编译源文件“Main.cpp”)
  
C:\Users\zhangpeng\Desktop\January\Project1215YD\Project1215YD\source\RangePro.c(71,65): warning C4305: “初始化”: 从“double”到“const float”截断
  (编译源文件“Main.cpp”)
  
C:\Users\zhangpeng\Desktop\January\Project1215YD\Project1215YD\source\RangePro.c(71,75): warning C4305: “初始化”: 从“double”到“const float”截断
  (编译源文件“Main.cpp”)
  
C:\Users\zhangpeng\Desktop\January\Project1215YD\Project1215YD\source\RangePro.c(94,46): warning C4244: “参数”: 从“double”转换到“float”，可能丢失数据
  (编译源文件“Main.cpp”)
  
C:\Users\zhangpeng\Desktop\January\Project1215YD\Project1215YD\source\RangePro.c(94,28): warning C4244: “初始化”: 从“double”转换到“float”，可能丢失数据
  (编译源文件“Main.cpp”)
  
C:\Users\zhangpeng\Desktop\January\Project1215YD\Project1215YD\source\RangePro.c(891,70): warning C4244: “=”: 从“uint16_t”转换到“uint8_t”，可能丢失数据
  (编译源文件“Main.cpp”)
  
C:\Users\zhangpeng\Desktop\January\Project1215YD\Project1215YD\source\RangePro.c(892,49): warning C4244: “=”: 从“uint16_t”转换到“uint8_t”，可能丢失数据
  (编译源文件“Main.cpp”)
  
C:\Users\zhangpeng\Desktop\January\Project1215YD\Project1215YD\source\RangePro.c(941,49): warning C4244: “=”: 从“uint16_t”转换到“uint8_t”，可能丢失数据
  (编译源文件“Main.cpp”)
  
C:\Users\zhangpeng\Desktop\January\Project1215YD\Project1215YD\source\RangePro.c(942,73): warning C4244: “=”: 从“uint16_t”转换到“uint8_t”，可能丢失数据
  (编译源文件“Main.cpp”)
  
C:\Users\zhangpeng\Desktop\January\Project1215YD\Project1215YD\source\RangePro.c(1022,31): warning C4244: “=”: 从“int”转换到“float”，可能丢失数据
  (编译源文件“Main.cpp”)
  
C:\Users\zhangpeng\Desktop\January\Project1215YD\Project1215YD\source\RangePro.c(1024,31): warning C4244: “=”: 从“int”转换到“float”，可能丢失数据
  (编译源文件“Main.cpp”)
  
C:\Users\zhangpeng\Desktop\January\Project1215YD\Project1215YD\source\RangePro.c(1050,29): warning C4244: “=”: 从“int”转换到“float”，可能丢失数据
  (编译源文件“Main.cpp”)
  
C:\Users\zhangpeng\Desktop\January\Project1215YD\Project1215YD\source\RangePro.c(1052,29): warning C4244: “=”: 从“int”转换到“float”，可能丢失数据
  (编译源文件“Main.cpp”)
  
C:\Users\zhangpeng\Desktop\January\Project1215YD\Project1215YD\Main.cpp(48,59): warning C4244: “参数”: 从“double”转换到“float”，可能丢失数据
C:\Users\zhangpeng\Desktop\January\Project1215YD\Project1215YD\Main.cpp(49,59): warning C4244: “参数”: 从“double”转换到“float”，可能丢失数据
  winfft.cpp
C:\Users\zhangpeng\Desktop\January\Project1215YD\Project1215YD\source\winfft.cpp(22,16): warning C4244: “=”: 从“double”转换到“float”，可能丢失数据
  正在生成代码...
  fft_windowq15.c
  RangePro.c
C:\Users\zhangpeng\Desktop\January\Project1215YD\Project1215YD\source\RangePro.c(12,5): warning C4305: “初始化”: 从“double”到“const float”截断
C:\Users\zhangpeng\Desktop\January\Project1215YD\Project1215YD\source\RangePro.c(12,15): warning C4305: “初始化”: 从“double”到“const float”截断
C:\Users\zhangpeng\Desktop\January\Project1215YD\Project1215YD\source\RangePro.c(12,25): warning C4305: “初始化”: 从“double”到“const float”截断
C:\Users\zhangpeng\Desktop\January\Project1215YD\Project1215YD\source\RangePro.c(12,35): warning C4305: “初始化”: 从“double”到“const float”截断
C:\Users\zhangpeng\Desktop\January\Project1215YD\Project1215YD\source\RangePro.c(12,45): warning C4305: “初始化”: 从“double”到“const float”截断
C:\Users\zhangpeng\Desktop\January\Project1215YD\Project1215YD\source\RangePro.c(12,55): warning C4305: “初始化”: 从“double”到“const float”截断
C:\Users\zhangpeng\Desktop\January\Project1215YD\Project1215YD\source\RangePro.c(12,65): warning C4305: “初始化”: 从“double”到“const float”截断
C:\Users\zhangpeng\Desktop\January\Project1215YD\Project1215YD\source\RangePro.c(12,75): warning C4305: “初始化”: 从“double”到“const float”截断
C:\Users\zhangpeng\Desktop\January\Project1215YD\Project1215YD\source\RangePro.c(12,85): warning C4305: “初始化”: 从“double”到“const float”截断
C:\Users\zhangpeng\Desktop\January\Project1215YD\Project1215YD\source\RangePro.c(12,95): warning C4305: “初始化”: 从“double”到“const float”截断
C:\Users\zhangpeng\Desktop\January\Project1215YD\Project1215YD\source\RangePro.c(12,105): warning C4305: “初始化”: 从“double”到“const float”截断
C:\Users\zhangpeng\Desktop\January\Project1215YD\Project1215YD\source\RangePro.c(12,115): warning C4305: “初始化”: 从“double”到“const float”截断
C:\Users\zhangpeng\Desktop\January\Project1215YD\Project1215YD\source\RangePro.c(13,5): warning C4305: “初始化”: 从“double”到“const float”截断
C:\Users\zhangpeng\Desktop\January\Project1215YD\Project1215YD\source\RangePro.c(13,15): warning C4305: “初始化”: 从“double”到“const float”截断
C:\Users\zhangpeng\Desktop\January\Project1215YD\Project1215YD\source\RangePro.c(13,25): warning C4305: “初始化”: 从“double”到“const float”截断
C:\Users\zhangpeng\Desktop\January\Project1215YD\Project1215YD\source\RangePro.c(13,35): warning C4305: “初始化”: 从“double”到“const float”截断
C:\Users\zhangpeng\Desktop\January\Project1215YD\Project1215YD\source\RangePro.c(13,45): warning C4305: “初始化”: 从“double”到“const float”截断
C:\Users\zhangpeng\Desktop\January\Project1215YD\Project1215YD\source\RangePro.c(13,55): warning C4305: “初始化”: 从“double”到“const float”截断
C:\Users\zhangpeng\Desktop\January\Project1215YD\Project1215YD\source\RangePro.c(13,65): warning C4305: “初始化”: 从“double”到“const float”截断
C:\Users\zhangpeng\Desktop\January\Project1215YD\Project1215YD\source\RangePro.c(13,75): warning C4305: “初始化”: 从“double”到“const float”截断
C:\Users\zhangpeng\Desktop\January\Project1215YD\Project1215YD\source\RangePro.c(13,85): warning C4305: “初始化”: 从“double”到“const float”截断
C:\Users\zhangpeng\Desktop\January\Project1215YD\Project1215YD\source\RangePro.c(13,95): warning C4305: “初始化”: 从“double”到“const float”截断
C:\Users\zhangpeng\Desktop\January\Project1215YD\Project1215YD\source\RangePro.c(13,105): warning C4305: “初始化”: 从“double”到“const float”截断
C:\Users\zhangpeng\Desktop\January\Project1215YD\Project1215YD\source\RangePro.c(13,115): warning C4305: “初始化”: 从“double”到“const float”截断
C:\Users\zhangpeng\Desktop\January\Project1215YD\Project1215YD\source\RangePro.c(14,5): warning C4305: “初始化”: 从“double”到“const float”截断
C:\Users\zhangpeng\Desktop\January\Project1215YD\Project1215YD\source\RangePro.c(14,15): warning C4305: “初始化”: 从“double”到“const float”截断
C:\Users\zhangpeng\Desktop\January\Project1215YD\Project1215YD\source\RangePro.c(14,25): warning C4305: “初始化”: 从“double”到“const float”截断
C:\Users\zhangpeng\Desktop\January\Project1215YD\Project1215YD\source\RangePro.c(14,35): warning C4305: “初始化”: 从“double”到“const float”截断
C:\Users\zhangpeng\Desktop\January\Project1215YD\Project1215YD\source\RangePro.c(14,45): warning C4305: “初始化”: 从“double”到“const float”截断
C:\Users\zhangpeng\Desktop\January\Project1215YD\Project1215YD\source\RangePro.c(14,55): warning C4305: “初始化”: 从“double”到“const float”截断
C:\Users\zhangpeng\Desktop\January\Project1215YD\Project1215YD\source\RangePro.c(14,65): warning C4305: “初始化”: 从“double”到“const float”截断
C:\Users\zhangpeng\Desktop\January\Project1215YD\Project1215YD\source\RangePro.c(14,75): warning C4305: “初始化”: 从“double”到“const float”截断
C:\Users\zhangpeng\Desktop\January\Project1215YD\Project1215YD\source\RangePro.c(14,85): warning C4305: “初始化”: 从“double”到“const float”截断
C:\Users\zhangpeng\Desktop\January\Project1215YD\Project1215YD\source\RangePro.c(14,95): warning C4305: “初始化”: 从“double”到“const float”截断
C:\Users\zhangpeng\Desktop\January\Project1215YD\Project1215YD\source\RangePro.c(14,105): warning C4305: “初始化”: 从“double”到“const float”截断
C:\Users\zhangpeng\Desktop\January\Project1215YD\Project1215YD\source\RangePro.c(14,115): warning C4305: “初始化”: 从“double”到“const float”截断
C:\Users\zhangpeng\Desktop\January\Project1215YD\Project1215YD\source\RangePro.c(15,5): warning C4305: “初始化”: 从“double”到“const float”截断
C:\Users\zhangpeng\Desktop\January\Project1215YD\Project1215YD\source\RangePro.c(15,15): warning C4305: “初始化”: 从“double”到“const float”截断
C:\Users\zhangpeng\Desktop\January\Project1215YD\Project1215YD\source\RangePro.c(15,25): warning C4305: “初始化”: 从“double”到“const float”截断
C:\Users\zhangpeng\Desktop\January\Project1215YD\Project1215YD\source\RangePro.c(15,35): warning C4305: “初始化”: 从“double”到“const float”截断
C:\Users\zhangpeng\Desktop\January\Project1215YD\Project1215YD\source\RangePro.c(15,45): warning C4305: “初始化”: 从“double”到“const float”截断
C:\Users\zhangpeng\Desktop\January\Project1215YD\Project1215YD\source\RangePro.c(15,55): warning C4305: “初始化”: 从“double”到“const float”截断
C:\Users\zhangpeng\Desktop\January\Project1215YD\Project1215YD\source\RangePro.c(15,65): warning C4305: “初始化”: 从“double”到“const float”截断
C:\Users\zhangpeng\Desktop\January\Project1215YD\Project1215YD\source\RangePro.c(15,75): warning C4305: “初始化”: 从“double”到“const float”截断
C:\Users\zhangpeng\Desktop\January\Project1215YD\Project1215YD\source\RangePro.c(15,85): warning C4305: “初始化”: 从“double”到“const float”截断
C:\Users\zhangpeng\Desktop\January\Project1215YD\Project1215YD\source\RangePro.c(15,95): warning C4305: “初始化”: 从“double”到“const float”截断
C:\Users\zhangpeng\Desktop\January\Project1215YD\Project1215YD\source\RangePro.c(15,105): warning C4305: “初始化”: 从“double”到“const float”截断
C:\Users\zhangpeng\Desktop\January\Project1215YD\Project1215YD\source\RangePro.c(15,115): warning C4305: “初始化”: 从“double”到“const float”截断
C:\Users\zhangpeng\Desktop\January\Project1215YD\Project1215YD\source\RangePro.c(16,5): warning C4305: “初始化”: 从“double”到“const float”截断
C:\Users\zhangpeng\Desktop\January\Project1215YD\Project1215YD\source\RangePro.c(16,15): warning C4305: “初始化”: 从“double”到“const float”截断
C:\Users\zhangpeng\Desktop\January\Project1215YD\Project1215YD\source\RangePro.c(16,25): warning C4305: “初始化”: 从“double”到“const float”截断
C:\Users\zhangpeng\Desktop\January\Project1215YD\Project1215YD\source\RangePro.c(16,35): warning C4305: “初始化”: 从“double”到“const float”截断
C:\Users\zhangpeng\Desktop\January\Project1215YD\Project1215YD\source\RangePro.c(16,45): warning C4305: “初始化”: 从“double”到“const float”截断
C:\Users\zhangpeng\Desktop\January\Project1215YD\Project1215YD\source\RangePro.c(16,55): warning C4305: “初始化”: 从“double”到“const float”截断
C:\Users\zhangpeng\Desktop\January\Project1215YD\Project1215YD\source\RangePro.c(16,65): warning C4305: “初始化”: 从“double”到“const float”截断
C:\Users\zhangpeng\Desktop\January\Project1215YD\Project1215YD\source\RangePro.c(16,75): warning C4305: “初始化”: 从“double”到“const float”截断
C:\Users\zhangpeng\Desktop\January\Project1215YD\Project1215YD\source\RangePro.c(16,85): warning C4305: “初始化”: 从“double”到“const float”截断
C:\Users\zhangpeng\Desktop\January\Project1215YD\Project1215YD\source\RangePro.c(16,95): warning C4305: “初始化”: 从“double”到“const float”截断
C:\Users\zhangpeng\Desktop\January\Project1215YD\Project1215YD\source\RangePro.c(16,105): warning C4305: “初始化”: 从“double”到“const float”截断
C:\Users\zhangpeng\Desktop\January\Project1215YD\Project1215YD\source\RangePro.c(16,115): warning C4305: “初始化”: 从“double”到“const float”截断
C:\Users\zhangpeng\Desktop\January\Project1215YD\Project1215YD\source\RangePro.c(17,5): warning C4305: “初始化”: 从“double”到“const float”截断
C:\Users\zhangpeng\Desktop\January\Project1215YD\Project1215YD\source\RangePro.c(17,15): warning C4305: “初始化”: 从“double”到“const float”截断
C:\Users\zhangpeng\Desktop\January\Project1215YD\Project1215YD\source\RangePro.c(17,25): warning C4305: “初始化”: 从“double”到“const float”截断
C:\Users\zhangpeng\Desktop\January\Project1215YD\Project1215YD\source\RangePro.c(17,35): warning C4305: “初始化”: 从“double”到“const float”截断
C:\Users\zhangpeng\Desktop\January\Project1215YD\Project1215YD\source\RangePro.c(17,45): warning C4305: “初始化”: 从“double”到“const float”截断
C:\Users\zhangpeng\Desktop\January\Project1215YD\Project1215YD\source\RangePro.c(17,55): warning C4305: “初始化”: 从“double”到“const float”截断
C:\Users\zhangpeng\Desktop\January\Project1215YD\Project1215YD\source\RangePro.c(17,65): warning C4305: “初始化”: 从“double”到“const float”截断
C:\Users\zhangpeng\Desktop\January\Project1215YD\Project1215YD\source\RangePro.c(17,75): warning C4305: “初始化”: 从“double”到“const float”截断
C:\Users\zhangpeng\Desktop\January\Project1215YD\Project1215YD\source\RangePro.c(17,85): warning C4305: “初始化”: 从“double”到“const float”截断
C:\Users\zhangpeng\Desktop\January\Project1215YD\Project1215YD\source\RangePro.c(17,95): warning C4305: “初始化”: 从“double”到“const float”截断
C:\Users\zhangpeng\Desktop\January\Project1215YD\Project1215YD\source\RangePro.c(17,105): warning C4305: “初始化”: 从“double”到“const float”截断
C:\Users\zhangpeng\Desktop\January\Project1215YD\Project1215YD\source\RangePro.c(17,115): warning C4305: “初始化”: 从“double”到“const float”截断
C:\Users\zhangpeng\Desktop\January\Project1215YD\Project1215YD\source\RangePro.c(18,5): warning C4305: “初始化”: 从“double”到“const float”截断
C:\Users\zhangpeng\Desktop\January\Project1215YD\Project1215YD\source\RangePro.c(18,15): warning C4305: “初始化”: 从“double”到“const float”截断
C:\Users\zhangpeng\Desktop\January\Project1215YD\Project1215YD\source\RangePro.c(18,25): warning C4305: “初始化”: 从“double”到“const float”截断
C:\Users\zhangpeng\Desktop\January\Project1215YD\Project1215YD\source\RangePro.c(18,35): warning C4305: “初始化”: 从“double”到“const float”截断
C:\Users\zhangpeng\Desktop\January\Project1215YD\Project1215YD\source\RangePro.c(18,45): warning C4305: “初始化”: 从“double”到“const float”截断
C:\Users\zhangpeng\Desktop\January\Project1215YD\Project1215YD\source\RangePro.c(18,55): warning C4305: “初始化”: 从“double”到“const float”截断
C:\Users\zhangpeng\Desktop\January\Project1215YD\Project1215YD\source\RangePro.c(18,65): warning C4305: “初始化”: 从“double”到“const float”截断
C:\Users\zhangpeng\Desktop\January\Project1215YD\Project1215YD\source\RangePro.c(18,75): warning C4305: “初始化”: 从“double”到“const float”截断
C:\Users\zhangpeng\Desktop\January\Project1215YD\Project1215YD\source\RangePro.c(18,85): warning C4305: “初始化”: 从“double”到“const float”截断
C:\Users\zhangpeng\Desktop\January\Project1215YD\Project1215YD\source\RangePro.c(18,95): warning C4305: “初始化”: 从“double”到“const float”截断
C:\Users\zhangpeng\Desktop\January\Project1215YD\Project1215YD\source\RangePro.c(18,105): warning C4305: “初始化”: 从“double”到“const float”截断
C:\Users\zhangpeng\Desktop\January\Project1215YD\Project1215YD\source\RangePro.c(18,115): warning C4305: “初始化”: 从“double”到“const float”截断
C:\Users\zhangpeng\Desktop\January\Project1215YD\Project1215YD\source\RangePro.c(19,5): warning C4305: “初始化”: 从“double”到“const float”截断
C:\Users\zhangpeng\Desktop\January\Project1215YD\Project1215YD\source\RangePro.c(19,15): warning C4305: “初始化”: 从“double”到“const float”截断
C:\Users\zhangpeng\Desktop\January\Project1215YD\Project1215YD\source\RangePro.c(19,25): warning C4305: “初始化”: 从“double”到“const float”截断
C:\Users\zhangpeng\Desktop\January\Project1215YD\Project1215YD\source\RangePro.c(19,35): warning C4305: “初始化”: 从“double”到“const float”截断
C:\Users\zhangpeng\Desktop\January\Project1215YD\Project1215YD\source\RangePro.c(19,45): warning C4305: “初始化”: 从“double”到“const float”截断
C:\Users\zhangpeng\Desktop\January\Project1215YD\Project1215YD\source\RangePro.c(19,55): warning C4305: “初始化”: 从“double”到“const float”截断
C:\Users\zhangpeng\Desktop\January\Project1215YD\Project1215YD\source\RangePro.c(19,65): warning C4305: “初始化”: 从“double”到“const float”截断
C:\Users\zhangpeng\Desktop\January\Project1215YD\Project1215YD\source\RangePro.c(19,75): warning C4305: “初始化”: 从“double”到“const float”截断
C:\Users\zhangpeng\Desktop\January\Project1215YD\Project1215YD\source\RangePro.c(19,85): warning C4305: “初始化”: 从“double”到“const float”截断
C:\Users\zhangpeng\Desktop\January\Project1215YD\Project1215YD\source\RangePro.c(19,95): warning C4305: “初始化”: 从“double”到“const float”截断
C:\Users\zhangpeng\Desktop\January\Project1215YD\Project1215YD\source\RangePro.c(19,105): warning C4305: “初始化”: 从“double”到“const float”截断
C:\Users\zhangpeng\Desktop\January\Project1215YD\Project1215YD\source\RangePro.c(19,115): warning C4305: “初始化”: 从“double”到“const float”截断
C:\Users\zhangpeng\Desktop\January\Project1215YD\Project1215YD\source\RangePro.c(20,5): warning C4305: “初始化”: 从“double”到“const float”截断
C:\Users\zhangpeng\Desktop\January\Project1215YD\Project1215YD\source\RangePro.c(20,15): warning C4305: “初始化”: 从“double”到“const float”截断
C:\Users\zhangpeng\Desktop\January\Project1215YD\Project1215YD\source\RangePro.c(20,25): warning C4305: “初始化”: 从“double”到“const float”截断
C:\Users\zhangpeng\Desktop\January\Project1215YD\Project1215YD\source\RangePro.c(20,35): warning C4305: “初始化”: 从“double”到“const float”截断
C:\Users\zhangpeng\Desktop\January\Project1215YD\Project1215YD\source\RangePro.c(20,45): warning C4305: “初始化”: 从“double”到“const float”截断
C:\Users\zhangpeng\Desktop\January\Project1215YD\Project1215YD\source\RangePro.c(20,55): warning C4305: “初始化”: 从“double”到“const float”截断
C:\Users\zhangpeng\Desktop\January\Project1215YD\Project1215YD\source\RangePro.c(20,65): warning C4305: “初始化”: 从“double”到“const float”截断
C:\Users\zhangpeng\Desktop\January\Project1215YD\Project1215YD\source\RangePro.c(20,75): warning C4305: “初始化”: 从“double”到“const float”截断
C:\Users\zhangpeng\Desktop\January\Project1215YD\Project1215YD\source\RangePro.c(20,85): warning C4305: “初始化”: 从“double”到“const float”截断
C:\Users\zhangpeng\Desktop\January\Project1215YD\Project1215YD\source\RangePro.c(20,95): warning C4305: “初始化”: 从“double”到“const float”截断
C:\Users\zhangpeng\Desktop\January\Project1215YD\Project1215YD\source\RangePro.c(20,105): warning C4305: “初始化”: 从“double”到“const float”截断
C:\Users\zhangpeng\Desktop\January\Project1215YD\Project1215YD\source\RangePro.c(20,115): warning C4305: “初始化”: 从“double”到“const float”截断
C:\Users\zhangpeng\Desktop\January\Project1215YD\Project1215YD\source\RangePro.c(21,5): warning C4305: “初始化”: 从“double”到“const float”截断
C:\Users\zhangpeng\Desktop\January\Project1215YD\Project1215YD\source\RangePro.c(21,15): warning C4305: “初始化”: 从“double”到“const float”截断
C:\Users\zhangpeng\Desktop\January\Project1215YD\Project1215YD\source\RangePro.c(21,25): warning C4305: “初始化”: 从“double”到“const float”截断
C:\Users\zhangpeng\Desktop\January\Project1215YD\Project1215YD\source\RangePro.c(21,35): warning C4305: “初始化”: 从“double”到“const float”截断
C:\Users\zhangpeng\Desktop\January\Project1215YD\Project1215YD\source\RangePro.c(21,45): warning C4305: “初始化”: 从“double”到“const float”截断
C:\Users\zhangpeng\Desktop\January\Project1215YD\Project1215YD\source\RangePro.c(21,55): warning C4305: “初始化”: 从“double”到“const float”截断
C:\Users\zhangpeng\Desktop\January\Project1215YD\Project1215YD\source\RangePro.c(21,65): warning C4305: “初始化”: 从“double”到“const float”截断
C:\Users\zhangpeng\Desktop\January\Project1215YD\Project1215YD\source\RangePro.c(21,75): warning C4305: “初始化”: 从“double”到“const float”截断
C:\Users\zhangpeng\Desktop\January\Project1215YD\Project1215YD\source\RangePro.c(21,85): warning C4305: “初始化”: 从“double”到“const float”截断
C:\Users\zhangpeng\Desktop\January\Project1215YD\Project1215YD\source\RangePro.c(21,95): warning C4305: “初始化”: 从“double”到“const float”截断
C:\Users\zhangpeng\Desktop\January\Project1215YD\Project1215YD\source\RangePro.c(21,105): warning C4305: “初始化”: 从“double”到“const float”截断
C:\Users\zhangpeng\Desktop\January\Project1215YD\Project1215YD\source\RangePro.c(21,115): warning C4305: “初始化”: 从“double”到“const float”截断
C:\Users\zhangpeng\Desktop\January\Project1215YD\Project1215YD\source\RangePro.c(22,5): warning C4305: “初始化”: 从“double”到“const float”截断
C:\Users\zhangpeng\Desktop\January\Project1215YD\Project1215YD\source\RangePro.c(22,15): warning C4305: “初始化”: 从“double”到“const float”截断
C:\Users\zhangpeng\Desktop\January\Project1215YD\Project1215YD\source\RangePro.c(22,25): warning C4305: “初始化”: 从“double”到“const float”截断
C:\Users\zhangpeng\Desktop\January\Project1215YD\Project1215YD\source\RangePro.c(22,35): warning C4305: “初始化”: 从“double”到“const float”截断
C:\Users\zhangpeng\Desktop\January\Project1215YD\Project1215YD\source\RangePro.c(22,45): warning C4305: “初始化”: 从“double”到“const float”截断
C:\Users\zhangpeng\Desktop\January\Project1215YD\Project1215YD\source\RangePro.c(22,55): warning C4305: “初始化”: 从“double”到“const float”截断
C:\Users\zhangpeng\Desktop\January\Project1215YD\Project1215YD\source\RangePro.c(22,65): warning C4305: “初始化”: 从“double”到“const float”截断
C:\Users\zhangpeng\Desktop\January\Project1215YD\Project1215YD\source\RangePro.c(22,75): warning C4305: “初始化”: 从“double”到“const float”截断
C:\Users\zhangpeng\Desktop\January\Project1215YD\Project1215YD\source\RangePro.c(28,5): warning C4305: “初始化”: 从“double”到“const float”截断
C:\Users\zhangpeng\Desktop\January\Project1215YD\Project1215YD\source\RangePro.c(28,15): warning C4305: “初始化”: 从“double”到“const float”截断
C:\Users\zhangpeng\Desktop\January\Project1215YD\Project1215YD\source\RangePro.c(28,25): warning C4305: “初始化”: 从“double”到“const float”截断
C:\Users\zhangpeng\Desktop\January\Project1215YD\Project1215YD\source\RangePro.c(28,35): warning C4305: “初始化”: 从“double”到“const float”截断
C:\Users\zhangpeng\Desktop\January\Project1215YD\Project1215YD\source\RangePro.c(28,45): warning C4305: “初始化”: 从“double”到“const float”截断
C:\Users\zhangpeng\Desktop\January\Project1215YD\Project1215YD\source\RangePro.c(28,55): warning C4305: “初始化”: 从“double”到“const float”截断
C:\Users\zhangpeng\Desktop\January\Project1215YD\Project1215YD\source\RangePro.c(28,65): warning C4305: “初始化”: 从“double”到“const float”截断
C:\Users\zhangpeng\Desktop\January\Project1215YD\Project1215YD\source\RangePro.c(28,75): warning C4305: “初始化”: 从“double”到“const float”截断
C:\Users\zhangpeng\Desktop\January\Project1215YD\Project1215YD\source\RangePro.c(28,85): warning C4305: “初始化”: 从“double”到“const float”截断
C:\Users\zhangpeng\Desktop\January\Project1215YD\Project1215YD\source\RangePro.c(28,95): warning C4305: “初始化”: 从“double”到“const float”截断
C:\Users\zhangpeng\Desktop\January\Project1215YD\Project1215YD\source\RangePro.c(28,105): warning C4305: “初始化”: 从“double”到“const float”截断
C:\Users\zhangpeng\Desktop\January\Project1215YD\Project1215YD\source\RangePro.c(28,115): warning C4305: “初始化”: 从“double”到“const float”截断
C:\Users\zhangpeng\Desktop\January\Project1215YD\Project1215YD\source\RangePro.c(29,5): warning C4305: “初始化”: 从“double”到“const float”截断
C:\Users\zhangpeng\Desktop\January\Project1215YD\Project1215YD\source\RangePro.c(29,15): warning C4305: “初始化”: 从“double”到“const float”截断
C:\Users\zhangpeng\Desktop\January\Project1215YD\Project1215YD\source\RangePro.c(29,25): warning C4305: “初始化”: 从“double”到“const float”截断
C:\Users\zhangpeng\Desktop\January\Project1215YD\Project1215YD\source\RangePro.c(29,35): warning C4305: “初始化”: 从“double”到“const float”截断
C:\Users\zhangpeng\Desktop\January\Project1215YD\Project1215YD\source\RangePro.c(29,45): warning C4305: “初始化”: 从“double”到“const float”截断
C:\Users\zhangpeng\Desktop\January\Project1215YD\Project1215YD\source\RangePro.c(29,55): warning C4305: “初始化”: 从“double”到“const float”截断
C:\Users\zhangpeng\Desktop\January\Project1215YD\Project1215YD\source\RangePro.c(29,65): warning C4305: “初始化”: 从“double”到“const float”截断
C:\Users\zhangpeng\Desktop\January\Project1215YD\Project1215YD\source\RangePro.c(29,75): warning C4305: “初始化”: 从“double”到“const float”截断
C:\Users\zhangpeng\Desktop\January\Project1215YD\Project1215YD\source\RangePro.c(29,85): warning C4305: “初始化”: 从“double”到“const float”截断
C:\Users\zhangpeng\Desktop\January\Project1215YD\Project1215YD\source\RangePro.c(29,95): warning C4305: “初始化”: 从“double”到“const float”截断
C:\Users\zhangpeng\Desktop\January\Project1215YD\Project1215YD\source\RangePro.c(29,105): warning C4305: “初始化”: 从“double”到“const float”截断
C:\Users\zhangpeng\Desktop\January\Project1215YD\Project1215YD\source\RangePro.c(29,115): warning C4305: “初始化”: 从“double”到“const float”截断
C:\Users\zhangpeng\Desktop\January\Project1215YD\Project1215YD\source\RangePro.c(30,5): warning C4305: “初始化”: 从“double”到“const float”截断
C:\Users\zhangpeng\Desktop\January\Project1215YD\Project1215YD\source\RangePro.c(30,15): warning C4305: “初始化”: 从“double”到“const float”截断
C:\Users\zhangpeng\Desktop\January\Project1215YD\Project1215YD\source\RangePro.c(30,25): warning C4305: “初始化”: 从“double”到“const float”截断
C:\Users\zhangpeng\Desktop\January\Project1215YD\Project1215YD\source\RangePro.c(30,35): warning C4305: “初始化”: 从“double”到“const float”截断
C:\Users\zhangpeng\Desktop\January\Project1215YD\Project1215YD\source\RangePro.c(30,45): warning C4305: “初始化”: 从“double”到“const float”截断
C:\Users\zhangpeng\Desktop\January\Project1215YD\Project1215YD\source\RangePro.c(30,55): warning C4305: “初始化”: 从“double”到“const float”截断
C:\Users\zhangpeng\Desktop\January\Project1215YD\Project1215YD\source\RangePro.c(30,65): warning C4305: “初始化”: 从“double”到“const float”截断
C:\Users\zhangpeng\Desktop\January\Project1215YD\Project1215YD\source\RangePro.c(30,75): warning C4305: “初始化”: 从“double”到“const float”截断
C:\Users\zhangpeng\Desktop\January\Project1215YD\Project1215YD\source\RangePro.c(30,85): warning C4305: “初始化”: 从“double”到“const float”截断
C:\Users\zhangpeng\Desktop\January\Project1215YD\Project1215YD\source\RangePro.c(30,95): warning C4305: “初始化”: 从“double”到“const float”截断
C:\Users\zhangpeng\Desktop\January\Project1215YD\Project1215YD\source\RangePro.c(30,105): warning C4305: “初始化”: 从“double”到“const float”截断
C:\Users\zhangpeng\Desktop\January\Project1215YD\Project1215YD\source\RangePro.c(30,115): warning C4305: “初始化”: 从“double”到“const float”截断
C:\Users\zhangpeng\Desktop\January\Project1215YD\Project1215YD\source\RangePro.c(31,5): warning C4305: “初始化”: 从“double”到“const float”截断
C:\Users\zhangpeng\Desktop\January\Project1215YD\Project1215YD\source\RangePro.c(31,15): warning C4305: “初始化”: 从“double”到“const float”截断
C:\Users\zhangpeng\Desktop\January\Project1215YD\Project1215YD\source\RangePro.c(31,25): warning C4305: “初始化”: 从“double”到“const float”截断
C:\Users\zhangpeng\Desktop\January\Project1215YD\Project1215YD\source\RangePro.c(31,35): warning C4305: “初始化”: 从“double”到“const float”截断
C:\Users\zhangpeng\Desktop\January\Project1215YD\Project1215YD\source\RangePro.c(31,45): warning C4305: “初始化”: 从“double”到“const float”截断
C:\Users\zhangpeng\Desktop\January\Project1215YD\Project1215YD\source\RangePro.c(31,55): warning C4305: “初始化”: 从“double”到“const float”截断
C:\Users\zhangpeng\Desktop\January\Project1215YD\Project1215YD\source\RangePro.c(31,65): warning C4305: “初始化”: 从“double”到“const float”截断
C:\Users\zhangpeng\Desktop\January\Project1215YD\Project1215YD\source\RangePro.c(31,75): warning C4305: “初始化”: 从“double”到“const float”截断
C:\Users\zhangpeng\Desktop\January\Project1215YD\Project1215YD\source\RangePro.c(31,85): warning C4305: “初始化”: 从“double”到“const float”截断
C:\Users\zhangpeng\Desktop\January\Project1215YD\Project1215YD\source\RangePro.c(31,95): warning C4305: “初始化”: 从“double”到“const float”截断
C:\Users\zhangpeng\Desktop\January\Project1215YD\Project1215YD\source\RangePro.c(31,105): warning C4305: “初始化”: 从“double”到“const float”截断
C:\Users\zhangpeng\Desktop\January\Project1215YD\Project1215YD\source\RangePro.c(31,115): warning C4305: “初始化”: 从“double”到“const float”截断
C:\Users\zhangpeng\Desktop\January\Project1215YD\Project1215YD\source\RangePro.c(32,5): warning C4305: “初始化”: 从“double”到“const float”截断
C:\Users\zhangpeng\Desktop\January\Project1215YD\Project1215YD\source\RangePro.c(32,15): warning C4305: “初始化”: 从“double”到“const float”截断
C:\Users\zhangpeng\Desktop\January\Project1215YD\Project1215YD\source\RangePro.c(32,25): warning C4305: “初始化”: 从“double”到“const float”截断
C:\Users\zhangpeng\Desktop\January\Project1215YD\Project1215YD\source\RangePro.c(32,35): warning C4305: “初始化”: 从“double”到“const float”截断
C:\Users\zhangpeng\Desktop\January\Project1215YD\Project1215YD\source\RangePro.c(32,45): warning C4305: “初始化”: 从“double”到“const float”截断
C:\Users\zhangpeng\Desktop\January\Project1215YD\Project1215YD\source\RangePro.c(32,55): warning C4305: “初始化”: 从“double”到“const float”截断
C:\Users\zhangpeng\Desktop\January\Project1215YD\Project1215YD\source\RangePro.c(32,65): warning C4305: “初始化”: 从“double”到“const float”截断
C:\Users\zhangpeng\Desktop\January\Project1215YD\Project1215YD\source\RangePro.c(32,75): warning C4305: “初始化”: 从“double”到“const float”截断
C:\Users\zhangpeng\Desktop\January\Project1215YD\Project1215YD\source\RangePro.c(32,85): warning C4305: “初始化”: 从“double”到“const float”截断
C:\Users\zhangpeng\Desktop\January\Project1215YD\Project1215YD\source\RangePro.c(32,95): warning C4305: “初始化”: 从“double”到“const float”截断
C:\Users\zhangpeng\Desktop\January\Project1215YD\Project1215YD\source\RangePro.c(32,105): warning C4305: “初始化”: 从“double”到“const float”截断
C:\Users\zhangpeng\Desktop\January\Project1215YD\Project1215YD\source\RangePro.c(32,115): warning C4305: “初始化”: 从“double”到“const float”截断
C:\Users\zhangpeng\Desktop\January\Project1215YD\Project1215YD\source\RangePro.c(33,5): warning C4305: “初始化”: 从“double”到“const float”截断
C:\Users\zhangpeng\Desktop\January\Project1215YD\Project1215YD\source\RangePro.c(33,15): warning C4305: “初始化”: 从“double”到“const float”截断
C:\Users\zhangpeng\Desktop\January\Project1215YD\Project1215YD\source\RangePro.c(33,25): warning C4305: “初始化”: 从“double”到“const float”截断
C:\Users\zhangpeng\Desktop\January\Project1215YD\Project1215YD\source\RangePro.c(33,35): warning C4305: “初始化”: 从“double”到“const float”截断
C:\Users\zhangpeng\Desktop\January\Project1215YD\Project1215YD\source\RangePro.c(33,45): warning C4305: “初始化”: 从“double”到“const float”截断
C:\Users\zhangpeng\Desktop\January\Project1215YD\Project1215YD\source\RangePro.c(33,55): warning C4305: “初始化”: 从“double”到“const float”截断
C:\Users\zhangpeng\Desktop\January\Project1215YD\Project1215YD\source\RangePro.c(33,65): warning C4305: “初始化”: 从“double”到“const float”截断
C:\Users\zhangpeng\Desktop\January\Project1215YD\Project1215YD\source\RangePro.c(33,75): warning C4305: “初始化”: 从“double”到“const float”截断
C:\Users\zhangpeng\Desktop\January\Project1215YD\Project1215YD\source\RangePro.c(33,85): warning C4305: “初始化”: 从“double”到“const float”截断
C:\Users\zhangpeng\Desktop\January\Project1215YD\Project1215YD\source\RangePro.c(33,95): warning C4305: “初始化”: 从“double”到“const float”截断
C:\Users\zhangpeng\Desktop\January\Project1215YD\Project1215YD\source\RangePro.c(33,105): warning C4305: “初始化”: 从“double”到“const float”截断
C:\Users\zhangpeng\Desktop\January\Project1215YD\Project1215YD\source\RangePro.c(33,115): warning C4305: “初始化”: 从“double”到“const float”截断
C:\Users\zhangpeng\Desktop\January\Project1215YD\Project1215YD\source\RangePro.c(34,5): warning C4305: “初始化”: 从“double”到“const float”截断
C:\Users\zhangpeng\Desktop\January\Project1215YD\Project1215YD\source\RangePro.c(34,15): warning C4305: “初始化”: 从“double”到“const float”截断
C:\Users\zhangpeng\Desktop\January\Project1215YD\Project1215YD\source\RangePro.c(34,25): warning C4305: “初始化”: 从“double”到“const float”截断
C:\Users\zhangpeng\Desktop\January\Project1215YD\Project1215YD\source\RangePro.c(34,35): warning C4305: “初始化”: 从“double”到“const float”截断
C:\Users\zhangpeng\Desktop\January\Project1215YD\Project1215YD\source\RangePro.c(34,45): warning C4305: “初始化”: 从“double”到“const float”截断
C:\Users\zhangpeng\Desktop\January\Project1215YD\Project1215YD\source\RangePro.c(34,55): warning C4305: “初始化”: 从“double”到“const float”截断
C:\Users\zhangpeng\Desktop\January\Project1215YD\Project1215YD\source\RangePro.c(34,65): warning C4305: “初始化”: 从“double”到“const float”截断
C:\Users\zhangpeng\Desktop\January\Project1215YD\Project1215YD\source\RangePro.c(34,75): warning C4305: “初始化”: 从“double”到“const float”截断
C:\Users\zhangpeng\Desktop\January\Project1215YD\Project1215YD\source\RangePro.c(34,85): warning C4305: “初始化”: 从“double”到“const float”截断
C:\Users\zhangpeng\Desktop\January\Project1215YD\Project1215YD\source\RangePro.c(34,95): warning C4305: “初始化”: 从“double”到“const float”截断
C:\Users\zhangpeng\Desktop\January\Project1215YD\Project1215YD\source\RangePro.c(34,105): warning C4305: “初始化”: 从“double”到“const float”截断
C:\Users\zhangpeng\Desktop\January\Project1215YD\Project1215YD\source\RangePro.c(34,115): warning C4305: “初始化”: 从“double”到“const float”截断
C:\Users\zhangpeng\Desktop\January\Project1215YD\Project1215YD\source\RangePro.c(35,5): warning C4305: “初始化”: 从“double”到“const float”截断
C:\Users\zhangpeng\Desktop\January\Project1215YD\Project1215YD\source\RangePro.c(35,15): warning C4305: “初始化”: 从“double”到“const float”截断
C:\Users\zhangpeng\Desktop\January\Project1215YD\Project1215YD\source\RangePro.c(35,25): warning C4305: “初始化”: 从“double”到“const float”截断
C:\Users\zhangpeng\Desktop\January\Project1215YD\Project1215YD\source\RangePro.c(35,35): warning C4305: “初始化”: 从“double”到“const float”截断
C:\Users\zhangpeng\Desktop\January\Project1215YD\Project1215YD\source\RangePro.c(35,45): warning C4305: “初始化”: 从“double”到“const float”截断
C:\Users\zhangpeng\Desktop\January\Project1215YD\Project1215YD\source\RangePro.c(35,55): warning C4305: “初始化”: 从“double”到“const float”截断
C:\Users\zhangpeng\Desktop\January\Project1215YD\Project1215YD\source\RangePro.c(35,65): warning C4305: “初始化”: 从“double”到“const float”截断
C:\Users\zhangpeng\Desktop\January\Project1215YD\Project1215YD\source\RangePro.c(35,75): warning C4305: “初始化”: 从“double”到“const float”截断
C:\Users\zhangpeng\Desktop\January\Project1215YD\Project1215YD\source\RangePro.c(35,85): warning C4305: “初始化”: 从“double”到“const float”截断
C:\Users\zhangpeng\Desktop\January\Project1215YD\Project1215YD\source\RangePro.c(35,95): warning C4305: “初始化”: 从“double”到“const float”截断
C:\Users\zhangpeng\Desktop\January\Project1215YD\Project1215YD\source\RangePro.c(35,105): warning C4305: “初始化”: 从“double”到“const float”截断
C:\Users\zhangpeng\Desktop\January\Project1215YD\Project1215YD\source\RangePro.c(35,115): warning C4305: “初始化”: 从“double”到“const float”截断
C:\Users\zhangpeng\Desktop\January\Project1215YD\Project1215YD\source\RangePro.c(36,5): warning C4305: “初始化”: 从“double”到“const float”截断
C:\Users\zhangpeng\Desktop\January\Project1215YD\Project1215YD\source\RangePro.c(36,15): warning C4305: “初始化”: 从“double”到“const float”截断
C:\Users\zhangpeng\Desktop\January\Project1215YD\Project1215YD\source\RangePro.c(36,25): warning C4305: “初始化”: 从“double”到“const float”截断
C:\Users\zhangpeng\Desktop\January\Project1215YD\Project1215YD\source\RangePro.c(36,35): warning C4305: “初始化”: 从“double”到“const float”截断
C:\Users\zhangpeng\Desktop\January\Project1215YD\Project1215YD\source\RangePro.c(36,45): warning C4305: “初始化”: 从“double”到“const float”截断
C:\Users\zhangpeng\Desktop\January\Project1215YD\Project1215YD\source\RangePro.c(36,55): warning C4305: “初始化”: 从“double”到“const float”截断
C:\Users\zhangpeng\Desktop\January\Project1215YD\Project1215YD\source\RangePro.c(36,65): warning C4305: “初始化”: 从“double”到“const float”截断
C:\Users\zhangpeng\Desktop\January\Project1215YD\Project1215YD\source\RangePro.c(36,75): warning C4305: “初始化”: 从“double”到“const float”截断
C:\Users\zhangpeng\Desktop\January\Project1215YD\Project1215YD\source\RangePro.c(36,85): warning C4305: “初始化”: 从“double”到“const float”截断
C:\Users\zhangpeng\Desktop\January\Project1215YD\Project1215YD\source\RangePro.c(36,95): warning C4305: “初始化”: 从“double”到“const float”截断
C:\Users\zhangpeng\Desktop\January\Project1215YD\Project1215YD\source\RangePro.c(36,105): warning C4305: “初始化”: 从“double”到“const float”截断
C:\Users\zhangpeng\Desktop\January\Project1215YD\Project1215YD\source\RangePro.c(36,115): warning C4305: “初始化”: 从“double”到“const float”截断
C:\Users\zhangpeng\Desktop\January\Project1215YD\Project1215YD\source\RangePro.c(37,5): warning C4305: “初始化”: 从“double”到“const float”截断
C:\Users\zhangpeng\Desktop\January\Project1215YD\Project1215YD\source\RangePro.c(37,15): warning C4305: “初始化”: 从“double”到“const float”截断
C:\Users\zhangpeng\Desktop\January\Project1215YD\Project1215YD\source\RangePro.c(37,25): warning C4305: “初始化”: 从“double”到“const float”截断
C:\Users\zhangpeng\Desktop\January\Project1215YD\Project1215YD\source\RangePro.c(37,35): warning C4305: “初始化”: 从“double”到“const float”截断
C:\Users\zhangpeng\Desktop\January\Project1215YD\Project1215YD\source\RangePro.c(37,45): warning C4305: “初始化”: 从“double”到“const float”截断
C:\Users\zhangpeng\Desktop\January\Project1215YD\Project1215YD\source\RangePro.c(37,55): warning C4305: “初始化”: 从“double”到“const float”截断
C:\Users\zhangpeng\Desktop\January\Project1215YD\Project1215YD\source\RangePro.c(37,65): warning C4305: “初始化”: 从“double”到“const float”截断
C:\Users\zhangpeng\Desktop\January\Project1215YD\Project1215YD\source\RangePro.c(37,75): warning C4305: “初始化”: 从“double”到“const float”截断
C:\Users\zhangpeng\Desktop\January\Project1215YD\Project1215YD\source\RangePro.c(37,85): warning C4305: “初始化”: 从“double”到“const float”截断
C:\Users\zhangpeng\Desktop\January\Project1215YD\Project1215YD\source\RangePro.c(37,95): warning C4305: “初始化”: 从“double”到“const float”截断
C:\Users\zhangpeng\Desktop\January\Project1215YD\Project1215YD\source\RangePro.c(37,105): warning C4305: “初始化”: 从“double”到“const float”截断
C:\Users\zhangpeng\Desktop\January\Project1215YD\Project1215YD\source\RangePro.c(37,115): warning C4305: “初始化”: 从“double”到“const float”截断
C:\Users\zhangpeng\Desktop\January\Project1215YD\Project1215YD\source\RangePro.c(38,5): warning C4305: “初始化”: 从“double”到“const float”截断
C:\Users\zhangpeng\Desktop\January\Project1215YD\Project1215YD\source\RangePro.c(38,15): warning C4305: “初始化”: 从“double”到“const float”截断
C:\Users\zhangpeng\Desktop\January\Project1215YD\Project1215YD\source\RangePro.c(38,25): warning C4305: “初始化”: 从“double”到“const float”截断
C:\Users\zhangpeng\Desktop\January\Project1215YD\Project1215YD\source\RangePro.c(38,35): warning C4305: “初始化”: 从“double”到“const float”截断
C:\Users\zhangpeng\Desktop\January\Project1215YD\Project1215YD\source\RangePro.c(38,45): warning C4305: “初始化”: 从“double”到“const float”截断
C:\Users\zhangpeng\Desktop\January\Project1215YD\Project1215YD\source\RangePro.c(38,55): warning C4305: “初始化”: 从“double”到“const float”截断
C:\Users\zhangpeng\Desktop\January\Project1215YD\Project1215YD\source\RangePro.c(38,65): warning C4305: “初始化”: 从“double”到“const float”截断
C:\Users\zhangpeng\Desktop\January\Project1215YD\Project1215YD\source\RangePro.c(38,75): warning C4305: “初始化”: 从“double”到“const float”截断
C:\Users\zhangpeng\Desktop\January\Project1215YD\Project1215YD\source\RangePro.c(38,85): warning C4305: “初始化”: 从“double”到“const float”截断
C:\Users\zhangpeng\Desktop\January\Project1215YD\Project1215YD\source\RangePro.c(38,95): warning C4305: “初始化”: 从“double”到“const float”截断
C:\Users\zhangpeng\Desktop\January\Project1215YD\Project1215YD\source\RangePro.c(38,105): warning C4305: “初始化”: 从“double”到“const float”截断
C:\Users\zhangpeng\Desktop\January\Project1215YD\Project1215YD\source\RangePro.c(38,115): warning C4305: “初始化”: 从“double”到“const float”截断
C:\Users\zhangpeng\Desktop\January\Project1215YD\Project1215YD\source\RangePro.c(39,5): warning C4305: “初始化”: 从“double”到“const float”截断
C:\Users\zhangpeng\Desktop\January\Project1215YD\Project1215YD\source\RangePro.c(39,15): warning C4305: “初始化”: 从“double”到“const float”截断
C:\Users\zhangpeng\Desktop\January\Project1215YD\Project1215YD\source\RangePro.c(39,25): warning C4305: “初始化”: 从“double”到“const float”截断
C:\Users\zhangpeng\Desktop\January\Project1215YD\Project1215YD\source\RangePro.c(39,35): warning C4305: “初始化”: 从“double”到“const float”截断
C:\Users\zhangpeng\Desktop\January\Project1215YD\Project1215YD\source\RangePro.c(39,45): warning C4305: “初始化”: 从“double”到“const float”截断
C:\Users\zhangpeng\Desktop\January\Project1215YD\Project1215YD\source\RangePro.c(39,55): warning C4305: “初始化”: 从“double”到“const float”截断
C:\Users\zhangpeng\Desktop\January\Project1215YD\Project1215YD\source\RangePro.c(39,65): warning C4305: “初始化”: 从“double”到“const float”截断
C:\Users\zhangpeng\Desktop\January\Project1215YD\Project1215YD\source\RangePro.c(39,75): warning C4305: “初始化”: 从“double”到“const float”截断
C:\Users\zhangpeng\Desktop\January\Project1215YD\Project1215YD\source\RangePro.c(39,85): warning C4305: “初始化”: 从“double”到“const float”截断
C:\Users\zhangpeng\Desktop\January\Project1215YD\Project1215YD\source\RangePro.c(39,95): warning C4305: “初始化”: 从“double”到“const float”截断
C:\Users\zhangpeng\Desktop\January\Project1215YD\Project1215YD\source\RangePro.c(39,105): warning C4305: “初始化”: 从“double”到“const float”截断
C:\Users\zhangpeng\Desktop\January\Project1215YD\Project1215YD\source\RangePro.c(39,115): warning C4305: “初始化”: 从“double”到“const float”截断
C:\Users\zhangpeng\Desktop\January\Project1215YD\Project1215YD\source\RangePro.c(40,5): warning C4305: “初始化”: 从“double”到“const float”截断
C:\Users\zhangpeng\Desktop\January\Project1215YD\Project1215YD\source\RangePro.c(40,15): warning C4305: “初始化”: 从“double”到“const float”截断
C:\Users\zhangpeng\Desktop\January\Project1215YD\Project1215YD\source\RangePro.c(40,25): warning C4305: “初始化”: 从“double”到“const float”截断
C:\Users\zhangpeng\Desktop\January\Project1215YD\Project1215YD\source\RangePro.c(40,35): warning C4305: “初始化”: 从“double”到“const float”截断
C:\Users\zhangpeng\Desktop\January\Project1215YD\Project1215YD\source\RangePro.c(40,45): warning C4305: “初始化”: 从“double”到“const float”截断
C:\Users\zhangpeng\Desktop\January\Project1215YD\Project1215YD\source\RangePro.c(40,55): warning C4305: “初始化”: 从“double”到“const float”截断
C:\Users\zhangpeng\Desktop\January\Project1215YD\Project1215YD\source\RangePro.c(40,65): warning C4305: “初始化”: 从“double”到“const float”截断
C:\Users\zhangpeng\Desktop\January\Project1215YD\Project1215YD\source\RangePro.c(40,75): warning C4305: “初始化”: 从“double”到“const float”截断
C:\Users\zhangpeng\Desktop\January\Project1215YD\Project1215YD\source\RangePro.c(40,85): warning C4305: “初始化”: 从“double”到“const float”截断
C:\Users\zhangpeng\Desktop\January\Project1215YD\Project1215YD\source\RangePro.c(40,95): warning C4305: “初始化”: 从“double”到“const float”截断
C:\Users\zhangpeng\Desktop\January\Project1215YD\Project1215YD\source\RangePro.c(40,105): warning C4305: “初始化”: 从“double”到“const float”截断
C:\Users\zhangpeng\Desktop\January\Project1215YD\Project1215YD\source\RangePro.c(40,115): warning C4305: “初始化”: 从“double”到“const float”截断
C:\Users\zhangpeng\Desktop\January\Project1215YD\Project1215YD\source\RangePro.c(41,5): warning C4305: “初始化”: 从“double”到“const float”截断
C:\Users\zhangpeng\Desktop\January\Project1215YD\Project1215YD\source\RangePro.c(41,15): warning C4305: “初始化”: 从“double”到“const float”截断
C:\Users\zhangpeng\Desktop\January\Project1215YD\Project1215YD\source\RangePro.c(41,25): warning C4305: “初始化”: 从“double”到“const float”截断
C:\Users\zhangpeng\Desktop\January\Project1215YD\Project1215YD\source\RangePro.c(41,35): warning C4305: “初始化”: 从“double”到“const float”截断
C:\Users\zhangpeng\Desktop\January\Project1215YD\Project1215YD\source\RangePro.c(41,45): warning C4305: “初始化”: 从“double”到“const float”截断
C:\Users\zhangpeng\Desktop\January\Project1215YD\Project1215YD\source\RangePro.c(41,55): warning C4305: “初始化”: 从“double”到“const float”截断
C:\Users\zhangpeng\Desktop\January\Project1215YD\Project1215YD\source\RangePro.c(41,65): warning C4305: “初始化”: 从“double”到“const float”截断
C:\Users\zhangpeng\Desktop\January\Project1215YD\Project1215YD\source\RangePro.c(41,75): warning C4305: “初始化”: 从“double”到“const float”截断
C:\Users\zhangpeng\Desktop\January\Project1215YD\Project1215YD\source\RangePro.c(41,85): warning C4305: “初始化”: 从“double”到“const float”截断
C:\Users\zhangpeng\Desktop\January\Project1215YD\Project1215YD\source\RangePro.c(41,95): warning C4305: “初始化”: 从“double”到“const float”截断
C:\Users\zhangpeng\Desktop\January\Project1215YD\Project1215YD\source\RangePro.c(41,105): warning C4305: “初始化”: 从“double”到“const float”截断
C:\Users\zhangpeng\Desktop\January\Project1215YD\Project1215YD\source\RangePro.c(41,115): warning C4305: “初始化”: 从“double”到“const float”截断
C:\Users\zhangpeng\Desktop\January\Project1215YD\Project1215YD\source\RangePro.c(42,5): warning C4305: “初始化”: 从“double”到“const float”截断
C:\Users\zhangpeng\Desktop\January\Project1215YD\Project1215YD\source\RangePro.c(42,15): warning C4305: “初始化”: 从“double”到“const float”截断
C:\Users\zhangpeng\Desktop\January\Project1215YD\Project1215YD\source\RangePro.c(42,25): warning C4305: “初始化”: 从“double”到“const float”截断
C:\Users\zhangpeng\Desktop\January\Project1215YD\Project1215YD\source\RangePro.c(42,35): warning C4305: “初始化”: 从“double”到“const float”截断
C:\Users\zhangpeng\Desktop\January\Project1215YD\Project1215YD\source\RangePro.c(42,45): warning C4305: “初始化”: 从“double”到“const float”截断
C:\Users\zhangpeng\Desktop\January\Project1215YD\Project1215YD\source\RangePro.c(42,55): warning C4305: “初始化”: 从“double”到“const float”截断
C:\Users\zhangpeng\Desktop\January\Project1215YD\Project1215YD\source\RangePro.c(42,65): warning C4305: “初始化”: 从“double”到“const float”截断
C:\Users\zhangpeng\Desktop\January\Project1215YD\Project1215YD\source\RangePro.c(42,75): warning C4305: “初始化”: 从“double”到“const float”截断
C:\Users\zhangpeng\Desktop\January\Project1215YD\Project1215YD\source\RangePro.c(42,85): warning C4305: “初始化”: 从“double”到“const float”截断
C:\Users\zhangpeng\Desktop\January\Project1215YD\Project1215YD\source\RangePro.c(42,95): warning C4305: “初始化”: 从“double”到“const float”截断
C:\Users\zhangpeng\Desktop\January\Project1215YD\Project1215YD\source\RangePro.c(42,105): warning C4305: “初始化”: 从“double”到“const float”截断
C:\Users\zhangpeng\Desktop\January\Project1215YD\Project1215YD\source\RangePro.c(42,115): warning C4305: “初始化”: 从“double”到“const float”截断
C:\Users\zhangpeng\Desktop\January\Project1215YD\Project1215YD\source\RangePro.c(43,5): warning C4305: “初始化”: 从“double”到“const float”截断
C:\Users\zhangpeng\Desktop\January\Project1215YD\Project1215YD\source\RangePro.c(43,15): warning C4305: “初始化”: 从“double”到“const float”截断
C:\Users\zhangpeng\Desktop\January\Project1215YD\Project1215YD\source\RangePro.c(43,25): warning C4305: “初始化”: 从“double”到“const float”截断
C:\Users\zhangpeng\Desktop\January\Project1215YD\Project1215YD\source\RangePro.c(43,35): warning C4305: “初始化”: 从“double”到“const float”截断
C:\Users\zhangpeng\Desktop\January\Project1215YD\Project1215YD\source\RangePro.c(43,45): warning C4305: “初始化”: 从“double”到“const float”截断
C:\Users\zhangpeng\Desktop\January\Project1215YD\Project1215YD\source\RangePro.c(43,55): warning C4305: “初始化”: 从“double”到“const float”截断
C:\Users\zhangpeng\Desktop\January\Project1215YD\Project1215YD\source\RangePro.c(43,65): warning C4305: “初始化”: 从“double”到“const float”截断
C:\Users\zhangpeng\Desktop\January\Project1215YD\Project1215YD\source\RangePro.c(43,75): warning C4305: “初始化”: 从“double”到“const float”截断
C:\Users\zhangpeng\Desktop\January\Project1215YD\Project1215YD\source\RangePro.c(43,85): warning C4305: “初始化”: 从“double”到“const float”截断
C:\Users\zhangpeng\Desktop\January\Project1215YD\Project1215YD\source\RangePro.c(43,95): warning C4305: “初始化”: 从“double”到“const float”截断
C:\Users\zhangpeng\Desktop\January\Project1215YD\Project1215YD\source\RangePro.c(43,105): warning C4305: “初始化”: 从“double”到“const float”截断
C:\Users\zhangpeng\Desktop\January\Project1215YD\Project1215YD\source\RangePro.c(43,115): warning C4305: “初始化”: 从“double”到“const float”截断
C:\Users\zhangpeng\Desktop\January\Project1215YD\Project1215YD\source\RangePro.c(44,5): warning C4305: “初始化”: 从“double”到“const float”截断
C:\Users\zhangpeng\Desktop\January\Project1215YD\Project1215YD\source\RangePro.c(44,15): warning C4305: “初始化”: 从“double”到“const float”截断
C:\Users\zhangpeng\Desktop\January\Project1215YD\Project1215YD\source\RangePro.c(44,25): warning C4305: “初始化”: 从“double”到“const float”截断
C:\Users\zhangpeng\Desktop\January\Project1215YD\Project1215YD\source\RangePro.c(44,35): warning C4305: “初始化”: 从“double”到“const float”截断
C:\Users\zhangpeng\Desktop\January\Project1215YD\Project1215YD\source\RangePro.c(44,45): warning C4305: “初始化”: 从“double”到“const float”截断
C:\Users\zhangpeng\Desktop\January\Project1215YD\Project1215YD\source\RangePro.c(44,55): warning C4305: “初始化”: 从“double”到“const float”截断
C:\Users\zhangpeng\Desktop\January\Project1215YD\Project1215YD\source\RangePro.c(44,65): warning C4305: “初始化”: 从“double”到“const float”截断
C:\Users\zhangpeng\Desktop\January\Project1215YD\Project1215YD\source\RangePro.c(44,75): warning C4305: “初始化”: 从“double”到“const float”截断
C:\Users\zhangpeng\Desktop\January\Project1215YD\Project1215YD\source\RangePro.c(44,85): warning C4305: “初始化”: 从“double”到“const float”截断
C:\Users\zhangpeng\Desktop\January\Project1215YD\Project1215YD\source\RangePro.c(44,95): warning C4305: “初始化”: 从“double”到“const float”截断
C:\Users\zhangpeng\Desktop\January\Project1215YD\Project1215YD\source\RangePro.c(44,105): warning C4305: “初始化”: 从“double”到“const float”截断
C:\Users\zhangpeng\Desktop\January\Project1215YD\Project1215YD\source\RangePro.c(44,115): warning C4305: “初始化”: 从“double”到“const float”截断
C:\Users\zhangpeng\Desktop\January\Project1215YD\Project1215YD\source\RangePro.c(45,5): warning C4305: “初始化”: 从“double”到“const float”截断
C:\Users\zhangpeng\Desktop\January\Project1215YD\Project1215YD\source\RangePro.c(45,15): warning C4305: “初始化”: 从“double”到“const float”截断
C:\Users\zhangpeng\Desktop\January\Project1215YD\Project1215YD\source\RangePro.c(45,25): warning C4305: “初始化”: 从“double”到“const float”截断
C:\Users\zhangpeng\Desktop\January\Project1215YD\Project1215YD\source\RangePro.c(45,35): warning C4305: “初始化”: 从“double”到“const float”截断
C:\Users\zhangpeng\Desktop\January\Project1215YD\Project1215YD\source\RangePro.c(45,45): warning C4305: “初始化”: 从“double”到“const float”截断
C:\Users\zhangpeng\Desktop\January\Project1215YD\Project1215YD\source\RangePro.c(45,55): warning C4305: “初始化”: 从“double”到“const float”截断
C:\Users\zhangpeng\Desktop\January\Project1215YD\Project1215YD\source\RangePro.c(45,65): warning C4305: “初始化”: 从“double”到“const float”截断
C:\Users\zhangpeng\Desktop\January\Project1215YD\Project1215YD\source\RangePro.c(45,75): warning C4305: “初始化”: 从“double”到“const float”截断
C:\Users\zhangpeng\Desktop\January\Project1215YD\Project1215YD\source\RangePro.c(45,85): warning C4305: “初始化”: 从“double”到“const float”截断
C:\Users\zhangpeng\Desktop\January\Project1215YD\Project1215YD\source\RangePro.c(45,95): warning C4305: “初始化”: 从“double”到“const float”截断
C:\Users\zhangpeng\Desktop\January\Project1215YD\Project1215YD\source\RangePro.c(45,105): warning C4305: “初始化”: 从“double”到“const float”截断
C:\Users\zhangpeng\Desktop\January\Project1215YD\Project1215YD\source\RangePro.c(45,115): warning C4305: “初始化”: 从“double”到“const float”截断
C:\Users\zhangpeng\Desktop\January\Project1215YD\Project1215YD\source\RangePro.c(46,5): warning C4305: “初始化”: 从“double”到“const float”截断
C:\Users\zhangpeng\Desktop\January\Project1215YD\Project1215YD\source\RangePro.c(46,15): warning C4305: “初始化”: 从“double”到“const float”截断
C:\Users\zhangpeng\Desktop\January\Project1215YD\Project1215YD\source\RangePro.c(46,25): warning C4305: “初始化”: 从“double”到“const float”截断
C:\Users\zhangpeng\Desktop\January\Project1215YD\Project1215YD\source\RangePro.c(46,35): warning C4305: “初始化”: 从“double”到“const float”截断
C:\Users\zhangpeng\Desktop\January\Project1215YD\Project1215YD\source\RangePro.c(46,45): warning C4305: “初始化”: 从“double”到“const float”截断
C:\Users\zhangpeng\Desktop\January\Project1215YD\Project1215YD\source\RangePro.c(46,55): warning C4305: “初始化”: 从“double”到“const float”截断
C:\Users\zhangpeng\Desktop\January\Project1215YD\Project1215YD\source\RangePro.c(46,65): warning C4305: “初始化”: 从“double”到“const float”截断
C:\Users\zhangpeng\Desktop\January\Project1215YD\Project1215YD\source\RangePro.c(46,75): warning C4305: “初始化”: 从“double”到“const float”截断
C:\Users\zhangpeng\Desktop\January\Project1215YD\Project1215YD\source\RangePro.c(46,85): warning C4305: “初始化”: 从“double”到“const float”截断
C:\Users\zhangpeng\Desktop\January\Project1215YD\Project1215YD\source\RangePro.c(46,95): warning C4305: “初始化”: 从“double”到“const float”截断
C:\Users\zhangpeng\Desktop\January\Project1215YD\Project1215YD\source\RangePro.c(46,105): warning C4305: “初始化”: 从“double”到“const float”截断
C:\Users\zhangpeng\Desktop\January\Project1215YD\Project1215YD\source\RangePro.c(46,115): warning C4305: “初始化”: 从“double”到“const float”截断
C:\Users\zhangpeng\Desktop\January\Project1215YD\Project1215YD\source\RangePro.c(47,5): warning C4305: “初始化”: 从“double”到“const float”截断
C:\Users\zhangpeng\Desktop\January\Project1215YD\Project1215YD\source\RangePro.c(47,15): warning C4305: “初始化”: 从“double”到“const float”截断
C:\Users\zhangpeng\Desktop\January\Project1215YD\Project1215YD\source\RangePro.c(47,25): warning C4305: “初始化”: 从“double”到“const float”截断
C:\Users\zhangpeng\Desktop\January\Project1215YD\Project1215YD\source\RangePro.c(47,35): warning C4305: “初始化”: 从“double”到“const float”截断
C:\Users\zhangpeng\Desktop\January\Project1215YD\Project1215YD\source\RangePro.c(47,45): warning C4305: “初始化”: 从“double”到“const float”截断
C:\Users\zhangpeng\Desktop\January\Project1215YD\Project1215YD\source\RangePro.c(47,55): warning C4305: “初始化”: 从“double”到“const float”截断
C:\Users\zhangpeng\Desktop\January\Project1215YD\Project1215YD\source\RangePro.c(47,65): warning C4305: “初始化”: 从“double”到“const float”截断
C:\Users\zhangpeng\Desktop\January\Project1215YD\Project1215YD\source\RangePro.c(47,75): warning C4305: “初始化”: 从“double”到“const float”截断
C:\Users\zhangpeng\Desktop\January\Project1215YD\Project1215YD\source\RangePro.c(47,85): warning C4305: “初始化”: 从“double”到“const float”截断
C:\Users\zhangpeng\Desktop\January\Project1215YD\Project1215YD\source\RangePro.c(47,95): warning C4305: “初始化”: 从“double”到“const float”截断
C:\Users\zhangpeng\Desktop\January\Project1215YD\Project1215YD\source\RangePro.c(47,105): warning C4305: “初始化”: 从“double”到“const float”截断
C:\Users\zhangpeng\Desktop\January\Project1215YD\Project1215YD\source\RangePro.c(47,115): warning C4305: “初始化”: 从“double”到“const float”截断
C:\Users\zhangpeng\Desktop\January\Project1215YD\Project1215YD\source\RangePro.c(48,5): warning C4305: “初始化”: 从“double”到“const float”截断
C:\Users\zhangpeng\Desktop\January\Project1215YD\Project1215YD\source\RangePro.c(48,15): warning C4305: “初始化”: 从“double”到“const float”截断
C:\Users\zhangpeng\Desktop\January\Project1215YD\Project1215YD\source\RangePro.c(48,25): warning C4305: “初始化”: 从“double”到“const float”截断
C:\Users\zhangpeng\Desktop\January\Project1215YD\Project1215YD\source\RangePro.c(48,35): warning C4305: “初始化”: 从“double”到“const float”截断
C:\Users\zhangpeng\Desktop\January\Project1215YD\Project1215YD\source\RangePro.c(48,45): warning C4305: “初始化”: 从“double”到“const float”截断
C:\Users\zhangpeng\Desktop\January\Project1215YD\Project1215YD\source\RangePro.c(48,55): warning C4305: “初始化”: 从“double”到“const float”截断
C:\Users\zhangpeng\Desktop\January\Project1215YD\Project1215YD\source\RangePro.c(48,65): warning C4305: “初始化”: 从“double”到“const float”截断
C:\Users\zhangpeng\Desktop\January\Project1215YD\Project1215YD\source\RangePro.c(48,75): warning C4305: “初始化”: 从“double”到“const float”截断
C:\Users\zhangpeng\Desktop\January\Project1215YD\Project1215YD\source\RangePro.c(48,85): warning C4305: “初始化”: 从“double”到“const float”截断
C:\Users\zhangpeng\Desktop\January\Project1215YD\Project1215YD\source\RangePro.c(48,95): warning C4305: “初始化”: 从“double”到“const float”截断
C:\Users\zhangpeng\Desktop\January\Project1215YD\Project1215YD\source\RangePro.c(48,105): warning C4305: “初始化”: 从“double”到“const float”截断
C:\Users\zhangpeng\Desktop\January\Project1215YD\Project1215YD\source\RangePro.c(48,115): warning C4305: “初始化”: 从“double”到“const float”截断
C:\Users\zhangpeng\Desktop\January\Project1215YD\Project1215YD\source\RangePro.c(49,5): warning C4305: “初始化”: 从“double”到“const float”截断
C:\Users\zhangpeng\Desktop\January\Project1215YD\Project1215YD\source\RangePro.c(49,15): warning C4305: “初始化”: 从“double”到“const float”截断
C:\Users\zhangpeng\Desktop\January\Project1215YD\Project1215YD\source\RangePro.c(49,25): warning C4305: “初始化”: 从“double”到“const float”截断
C:\Users\zhangpeng\Desktop\January\Project1215YD\Project1215YD\source\RangePro.c(49,35): warning C4305: “初始化”: 从“double”到“const float”截断
C:\Users\zhangpeng\Desktop\January\Project1215YD\Project1215YD\source\RangePro.c(55,5): warning C4305: “初始化”: 从“double”到“const float”截断
C:\Users\zhangpeng\Desktop\January\Project1215YD\Project1215YD\source\RangePro.c(55,15): warning C4305: “初始化”: 从“double”到“const float”截断
C:\Users\zhangpeng\Desktop\January\Project1215YD\Project1215YD\source\RangePro.c(55,25): warning C4305: “初始化”: 从“double”到“const float”截断
C:\Users\zhangpeng\Desktop\January\Project1215YD\Project1215YD\source\RangePro.c(55,35): warning C4305: “初始化”: 从“double”到“const float”截断
C:\Users\zhangpeng\Desktop\January\Project1215YD\Project1215YD\source\RangePro.c(55,45): warning C4305: “初始化”: 从“double”到“const float”截断
C:\Users\zhangpeng\Desktop\January\Project1215YD\Project1215YD\source\RangePro.c(55,55): warning C4305: “初始化”: 从“double”到“const float”截断
C:\Users\zhangpeng\Desktop\January\Project1215YD\Project1215YD\source\RangePro.c(55,65): warning C4305: “初始化”: 从“double”到“const float”截断
C:\Users\zhangpeng\Desktop\January\Project1215YD\Project1215YD\source\RangePro.c(55,75): warning C4305: “初始化”: 从“double”到“const float”截断
C:\Users\zhangpeng\Desktop\January\Project1215YD\Project1215YD\source\RangePro.c(56,5): warning C4305: “初始化”: 从“double”到“const float”截断
C:\Users\zhangpeng\Desktop\January\Project1215YD\Project1215YD\source\RangePro.c(56,15): warning C4305: “初始化”: 从“double”到“const float”截断
C:\Users\zhangpeng\Desktop\January\Project1215YD\Project1215YD\source\RangePro.c(56,25): warning C4305: “初始化”: 从“double”到“const float”截断
C:\Users\zhangpeng\Desktop\January\Project1215YD\Project1215YD\source\RangePro.c(56,35): warning C4305: “初始化”: 从“double”到“const float”截断
C:\Users\zhangpeng\Desktop\January\Project1215YD\Project1215YD\source\RangePro.c(56,45): warning C4305: “初始化”: 从“double”到“const float”截断
C:\Users\zhangpeng\Desktop\January\Project1215YD\Project1215YD\source\RangePro.c(56,55): warning C4305: “初始化”: 从“double”到“const float”截断
C:\Users\zhangpeng\Desktop\January\Project1215YD\Project1215YD\source\RangePro.c(56,65): warning C4305: “初始化”: 从“double”到“const float”截断
C:\Users\zhangpeng\Desktop\January\Project1215YD\Project1215YD\source\RangePro.c(56,75): warning C4305: “初始化”: 从“double”到“const float”截断
C:\Users\zhangpeng\Desktop\January\Project1215YD\Project1215YD\source\RangePro.c(57,5): warning C4305: “初始化”: 从“double”到“const float”截断
C:\Users\zhangpeng\Desktop\January\Project1215YD\Project1215YD\source\RangePro.c(57,15): warning C4305: “初始化”: 从“double”到“const float”截断
C:\Users\zhangpeng\Desktop\January\Project1215YD\Project1215YD\source\RangePro.c(57,25): warning C4305: “初始化”: 从“double”到“const float”截断
C:\Users\zhangpeng\Desktop\January\Project1215YD\Project1215YD\source\RangePro.c(57,35): warning C4305: “初始化”: 从“double”到“const float”截断
C:\Users\zhangpeng\Desktop\January\Project1215YD\Project1215YD\source\RangePro.c(57,45): warning C4305: “初始化”: 从“double”到“const float”截断
C:\Users\zhangpeng\Desktop\January\Project1215YD\Project1215YD\source\RangePro.c(57,55): warning C4305: “初始化”: 从“double”到“const float”截断
C:\Users\zhangpeng\Desktop\January\Project1215YD\Project1215YD\source\RangePro.c(57,65): warning C4305: “初始化”: 从“double”到“const float”截断
C:\Users\zhangpeng\Desktop\January\Project1215YD\Project1215YD\source\RangePro.c(57,75): warning C4305: “初始化”: 从“double”到“const float”截断
C:\Users\zhangpeng\Desktop\January\Project1215YD\Project1215YD\source\RangePro.c(58,5): warning C4305: “初始化”: 从“double”到“const float”截断
C:\Users\zhangpeng\Desktop\January\Project1215YD\Project1215YD\source\RangePro.c(58,15): warning C4305: “初始化”: 从“double”到“const float”截断
C:\Users\zhangpeng\Desktop\January\Project1215YD\Project1215YD\source\RangePro.c(58,25): warning C4305: “初始化”: 从“double”到“const float”截断
C:\Users\zhangpeng\Desktop\January\Project1215YD\Project1215YD\source\RangePro.c(58,35): warning C4305: “初始化”: 从“double”到“const float”截断
C:\Users\zhangpeng\Desktop\January\Project1215YD\Project1215YD\source\RangePro.c(58,45): warning C4305: “初始化”: 从“double”到“const float”截断
C:\Users\zhangpeng\Desktop\January\Project1215YD\Project1215YD\source\RangePro.c(58,55): warning C4305: “初始化”: 从“double”到“const float”截断
C:\Users\zhangpeng\Desktop\January\Project1215YD\Project1215YD\source\RangePro.c(58,65): warning C4305: “初始化”: 从“double”到“const float”截断
C:\Users\zhangpeng\Desktop\January\Project1215YD\Project1215YD\source\RangePro.c(58,75): warning C4305: “初始化”: 从“double”到“const float”截断
C:\Users\zhangpeng\Desktop\January\Project1215YD\Project1215YD\source\RangePro.c(59,5): warning C4305: “初始化”: 从“double”到“const float”截断
C:\Users\zhangpeng\Desktop\January\Project1215YD\Project1215YD\source\RangePro.c(59,15): warning C4305: “初始化”: 从“double”到“const float”截断
C:\Users\zhangpeng\Desktop\January\Project1215YD\Project1215YD\source\RangePro.c(59,25): warning C4305: “初始化”: 从“double”到“const float”截断
C:\Users\zhangpeng\Desktop\January\Project1215YD\Project1215YD\source\RangePro.c(59,35): warning C4305: “初始化”: 从“double”到“const float”截断
C:\Users\zhangpeng\Desktop\January\Project1215YD\Project1215YD\source\RangePro.c(59,45): warning C4305: “初始化”: 从“double”到“const float”截断
C:\Users\zhangpeng\Desktop\January\Project1215YD\Project1215YD\source\RangePro.c(59,55): warning C4305: “初始化”: 从“double”到“const float”截断
C:\Users\zhangpeng\Desktop\January\Project1215YD\Project1215YD\source\RangePro.c(59,65): warning C4305: “初始化”: 从“double”到“const float”截断
C:\Users\zhangpeng\Desktop\January\Project1215YD\Project1215YD\source\RangePro.c(59,75): warning C4305: “初始化”: 从“double”到“const float”截断
C:\Users\zhangpeng\Desktop\January\Project1215YD\Project1215YD\source\RangePro.c(60,5): warning C4305: “初始化”: 从“double”到“const float”截断
C:\Users\zhangpeng\Desktop\January\Project1215YD\Project1215YD\source\RangePro.c(60,15): warning C4305: “初始化”: 从“double”到“const float”截断
C:\Users\zhangpeng\Desktop\January\Project1215YD\Project1215YD\source\RangePro.c(60,25): warning C4305: “初始化”: 从“double”到“const float”截断
C:\Users\zhangpeng\Desktop\January\Project1215YD\Project1215YD\source\RangePro.c(60,35): warning C4305: “初始化”: 从“double”到“const float”截断
C:\Users\zhangpeng\Desktop\January\Project1215YD\Project1215YD\source\RangePro.c(60,45): warning C4305: “初始化”: 从“double”到“const float”截断
C:\Users\zhangpeng\Desktop\January\Project1215YD\Project1215YD\source\RangePro.c(60,55): warning C4305: “初始化”: 从“double”到“const float”截断
C:\Users\zhangpeng\Desktop\January\Project1215YD\Project1215YD\source\RangePro.c(60,65): warning C4305: “初始化”: 从“double”到“const float”截断
C:\Users\zhangpeng\Desktop\January\Project1215YD\Project1215YD\source\RangePro.c(60,75): warning C4305: “初始化”: 从“double”到“const float”截断
C:\Users\zhangpeng\Desktop\January\Project1215YD\Project1215YD\source\RangePro.c(61,5): warning C4305: “初始化”: 从“double”到“const float”截断
C:\Users\zhangpeng\Desktop\January\Project1215YD\Project1215YD\source\RangePro.c(61,15): warning C4305: “初始化”: 从“double”到“const float”截断
C:\Users\zhangpeng\Desktop\January\Project1215YD\Project1215YD\source\RangePro.c(61,25): warning C4305: “初始化”: 从“double”到“const float”截断
C:\Users\zhangpeng\Desktop\January\Project1215YD\Project1215YD\source\RangePro.c(61,35): warning C4305: “初始化”: 从“double”到“const float”截断
C:\Users\zhangpeng\Desktop\January\Project1215YD\Project1215YD\source\RangePro.c(61,45): warning C4305: “初始化”: 从“double”到“const float”截断
C:\Users\zhangpeng\Desktop\January\Project1215YD\Project1215YD\source\RangePro.c(61,55): warning C4305: “初始化”: 从“double”到“const float”截断
C:\Users\zhangpeng\Desktop\January\Project1215YD\Project1215YD\source\RangePro.c(61,65): warning C4305: “初始化”: 从“double”到“const float”截断
C:\Users\zhangpeng\Desktop\January\Project1215YD\Project1215YD\source\RangePro.c(61,75): warning C4305: “初始化”: 从“double”到“const float”截断
C:\Users\zhangpeng\Desktop\January\Project1215YD\Project1215YD\source\RangePro.c(62,5): warning C4305: “初始化”: 从“double”到“const float”截断
C:\Users\zhangpeng\Desktop\January\Project1215YD\Project1215YD\source\RangePro.c(62,15): warning C4305: “初始化”: 从“double”到“const float”截断
C:\Users\zhangpeng\Desktop\January\Project1215YD\Project1215YD\source\RangePro.c(62,25): warning C4305: “初始化”: 从“double”到“const float”截断
C:\Users\zhangpeng\Desktop\January\Project1215YD\Project1215YD\source\RangePro.c(62,35): warning C4305: “初始化”: 从“double”到“const float”截断
C:\Users\zhangpeng\Desktop\January\Project1215YD\Project1215YD\source\RangePro.c(62,45): warning C4305: “初始化”: 从“double”到“const float”截断
C:\Users\zhangpeng\Desktop\January\Project1215YD\Project1215YD\source\RangePro.c(62,55): warning C4305: “初始化”: 从“double”到“const float”截断
C:\Users\zhangpeng\Desktop\January\Project1215YD\Project1215YD\source\RangePro.c(62,65): warning C4305: “初始化”: 从“double”到“const float”截断
C:\Users\zhangpeng\Desktop\January\Project1215YD\Project1215YD\source\RangePro.c(62,75): warning C4305: “初始化”: 从“double”到“const float”截断
C:\Users\zhangpeng\Desktop\January\Project1215YD\Project1215YD\source\RangePro.c(68,5): warning C4305: “初始化”: 从“double”到“const float”截断
C:\Users\zhangpeng\Desktop\January\Project1215YD\Project1215YD\source\RangePro.c(68,15): warning C4305: “初始化”: 从“double”到“const float”截断
C:\Users\zhangpeng\Desktop\January\Project1215YD\Project1215YD\source\RangePro.c(68,25): warning C4305: “初始化”: 从“double”到“const float”截断
C:\Users\zhangpeng\Desktop\January\Project1215YD\Project1215YD\source\RangePro.c(68,35): warning C4305: “初始化”: 从“double”到“const float”截断
C:\Users\zhangpeng\Desktop\January\Project1215YD\Project1215YD\source\RangePro.c(68,45): warning C4305: “初始化”: 从“double”到“const float”截断
C:\Users\zhangpeng\Desktop\January\Project1215YD\Project1215YD\source\RangePro.c(68,55): warning C4305: “初始化”: 从“double”到“const float”截断
C:\Users\zhangpeng\Desktop\January\Project1215YD\Project1215YD\source\RangePro.c(68,65): warning C4305: “初始化”: 从“double”到“const float”截断
C:\Users\zhangpeng\Desktop\January\Project1215YD\Project1215YD\source\RangePro.c(68,75): warning C4305: “初始化”: 从“double”到“const float”截断
C:\Users\zhangpeng\Desktop\January\Project1215YD\Project1215YD\source\RangePro.c(69,5): warning C4305: “初始化”: 从“double”到“const float”截断
C:\Users\zhangpeng\Desktop\January\Project1215YD\Project1215YD\source\RangePro.c(69,15): warning C4305: “初始化”: 从“double”到“const float”截断
C:\Users\zhangpeng\Desktop\January\Project1215YD\Project1215YD\source\RangePro.c(69,35): warning C4305: “初始化”: 从“double”到“const float”截断
C:\Users\zhangpeng\Desktop\January\Project1215YD\Project1215YD\source\RangePro.c(69,45): warning C4305: “初始化”: 从“double”到“const float”截断
C:\Users\zhangpeng\Desktop\January\Project1215YD\Project1215YD\source\RangePro.c(69,55): warning C4305: “初始化”: 从“double”到“const float”截断
C:\Users\zhangpeng\Desktop\January\Project1215YD\Project1215YD\source\RangePro.c(69,65): warning C4305: “初始化”: 从“double”到“const float”截断
C:\Users\zhangpeng\Desktop\January\Project1215YD\Project1215YD\source\RangePro.c(69,75): warning C4305: “初始化”: 从“double”到“const float”截断
C:\Users\zhangpeng\Desktop\January\Project1215YD\Project1215YD\source\RangePro.c(70,5): warning C4305: “初始化”: 从“double”到“const float”截断
C:\Users\zhangpeng\Desktop\January\Project1215YD\Project1215YD\source\RangePro.c(70,15): warning C4305: “初始化”: 从“double”到“const float”截断
C:\Users\zhangpeng\Desktop\January\Project1215YD\Project1215YD\source\RangePro.c(70,25): warning C4305: “初始化”: 从“double”到“const float”截断
C:\Users\zhangpeng\Desktop\January\Project1215YD\Project1215YD\source\RangePro.c(70,35): warning C4305: “初始化”: 从“double”到“const float”截断
C:\Users\zhangpeng\Desktop\January\Project1215YD\Project1215YD\source\RangePro.c(70,45): warning C4305: “初始化”: 从“double”到“const float”截断
C:\Users\zhangpeng\Desktop\January\Project1215YD\Project1215YD\source\RangePro.c(70,65): warning C4305: “初始化”: 从“double”到“const float”截断
C:\Users\zhangpeng\Desktop\January\Project1215YD\Project1215YD\source\RangePro.c(70,75): warning C4305: “初始化”: 从“double”到“const float”截断
C:\Users\zhangpeng\Desktop\January\Project1215YD\Project1215YD\source\RangePro.c(71,5): warning C4305: “初始化”: 从“double”到“const float”截断
C:\Users\zhangpeng\Desktop\January\Project1215YD\Project1215YD\source\RangePro.c(71,15): warning C4305: “初始化”: 从“double”到“const float”截断
C:\Users\zhangpeng\Desktop\January\Project1215YD\Project1215YD\source\RangePro.c(71,25): warning C4305: “初始化”: 从“double”到“const float”截断
C:\Users\zhangpeng\Desktop\January\Project1215YD\Project1215YD\source\RangePro.c(71,35): warning C4305: “初始化”: 从“double”到“const float”截断
C:\Users\zhangpeng\Desktop\January\Project1215YD\Project1215YD\source\RangePro.c(71,45): warning C4305: “初始化”: 从“double”到“const float”截断
C:\Users\zhangpeng\Desktop\January\Project1215YD\Project1215YD\source\RangePro.c(71,55): warning C4305: “初始化”: 从“double”到“const float”截断
C:\Users\zhangpeng\Desktop\January\Project1215YD\Project1215YD\source\RangePro.c(71,65): warning C4305: “初始化”: 从“double”到“const float”截断
C:\Users\zhangpeng\Desktop\January\Project1215YD\Project1215YD\source\RangePro.c(71,75): warning C4305: “初始化”: 从“double”到“const float”截断
C:\Users\zhangpeng\Desktop\January\Project1215YD\Project1215YD\source\RangePro.c(94,46): warning C4244: “函数”: 从“double”转换到“float”，可能丢失数据
C:\Users\zhangpeng\Desktop\January\Project1215YD\Project1215YD\source\RangePro.c(94,51): warning C4244: “初始化”: 从“double”转换到“float”，可能丢失数据
C:\Users\zhangpeng\Desktop\January\Project1215YD\Project1215YD\source\RangePro.c(891,63): warning C4244: “=”: 从“uint16_t”转换到“uint8_t”，可能丢失数据
C:\Users\zhangpeng\Desktop\January\Project1215YD\Project1215YD\source\RangePro.c(892,49): warning C4244: “=”: 从“uint16_t”转换到“uint8_t”，可能丢失数据
C:\Users\zhangpeng\Desktop\January\Project1215YD\Project1215YD\source\RangePro.c(941,49): warning C4244: “=”: 从“uint16_t”转换到“uint8_t”，可能丢失数据
C:\Users\zhangpeng\Desktop\January\Project1215YD\Project1215YD\source\RangePro.c(942,67): warning C4244: “=”: 从“uint16_t”转换到“uint8_t”，可能丢失数据
C:\Users\zhangpeng\Desktop\January\Project1215YD\Project1215YD\source\RangePro.c(1022,31): warning C4244: “=”: 从“int”转换到“float”，可能丢失数据
C:\Users\zhangpeng\Desktop\January\Project1215YD\Project1215YD\source\RangePro.c(1024,31): warning C4244: “=”: 从“int”转换到“float”，可能丢失数据
C:\Users\zhangpeng\Desktop\January\Project1215YD\Project1215YD\source\RangePro.c(1050,29): warning C4244: “=”: 从“int”转换到“float”，可能丢失数据
C:\Users\zhangpeng\Desktop\January\Project1215YD\Project1215YD\source\RangePro.c(1052,29): warning C4244: “=”: 从“int”转换到“float”，可能丢失数据
  RCW.c
  BSD.c
  AssisedDriing.c
C:\Users\zhangpeng\Desktop\January\Project1215YD\Project1215YD\source\AssisedDriing.c(159,6): warning C4029: 声明的形参表不同于定义
  正在生成代码...
  Project1215YD.vcxproj -> C:\Users\zhangpeng\Desktop\January\Project1215YD\Project1215YD\x64\Debug\Project1215YD.exe
